-- phpMyAdmin SQL Dump
-- version 5.0.4
-- https://www.phpmyadmin.net/
--
-- Host: localhost:3306
-- Generation Time: Apr 22, 2021 at 08:41 PM
-- Server version: 10.2.3-MariaDB-log
-- PHP Version: 7.3.26

SET SQL_MODE = "NO_AUTO_VALUE_ON_ZERO";
START TRANSACTION;
SET time_zone = "+00:00";


/*!40101 SET @OLD_CHARACTER_SET_CLIENT=@@CHARACTER_SET_CLIENT */;
/*!40101 SET @OLD_CHARACTER_SET_RESULTS=@@CHARACTER_SET_RESULTS */;
/*!40101 SET @OLD_COLLATION_CONNECTION=@@COLLATION_CONNECTION */;
/*!40101 SET NAMES utf8mb4 */;

--
-- Database: `school_management1`
--

-- --------------------------------------------------------

--
-- Table structure for table `blood_groups`
--

CREATE TABLE `blood_groups` (
  `id` int(10) UNSIGNED NOT NULL,
  `name` varchar(255) COLLATE utf8mb4_unicode_ci NOT NULL,
  `created_at` timestamp NULL DEFAULT NULL,
  `updated_at` timestamp NULL DEFAULT NULL
) ENGINE=InnoDB DEFAULT CHARSET=utf8mb4 COLLATE=utf8mb4_unicode_ci;

--
-- Dumping data for table `blood_groups`
--

INSERT INTO `blood_groups` (`id`, `name`, `created_at`, `updated_at`) VALUES
(1, 'O-', '2021-04-22 17:02:57', '2021-04-22 17:02:57'),
(2, 'O+', '2021-04-22 17:02:58', '2021-04-22 17:02:58'),
(3, 'A+', '2021-04-22 17:02:58', '2021-04-22 17:02:58'),
(4, 'A-', '2021-04-22 17:02:58', '2021-04-22 17:02:58'),
(5, 'B+', '2021-04-22 17:02:58', '2021-04-22 17:02:58'),
(6, 'B-', '2021-04-22 17:02:59', '2021-04-22 17:02:59'),
(7, 'AB+', '2021-04-22 17:02:59', '2021-04-22 17:02:59'),
(8, 'AB-', '2021-04-22 17:02:59', '2021-04-22 17:02:59');

-- --------------------------------------------------------

--
-- Table structure for table `books`
--

CREATE TABLE `books` (
  `id` int(10) UNSIGNED NOT NULL,
  `name` varchar(100) COLLATE utf8mb4_unicode_ci NOT NULL,
  `my_class_id` int(10) UNSIGNED DEFAULT NULL,
  `description` varchar(255) COLLATE utf8mb4_unicode_ci DEFAULT NULL,
  `author` varchar(255) COLLATE utf8mb4_unicode_ci DEFAULT NULL,
  `book_type` varchar(255) COLLATE utf8mb4_unicode_ci DEFAULT NULL,
  `url` varchar(255) COLLATE utf8mb4_unicode_ci DEFAULT NULL,
  `location` varchar(255) COLLATE utf8mb4_unicode_ci DEFAULT NULL,
  `total_copies` int(11) DEFAULT NULL,
  `issued_copies` int(11) DEFAULT NULL,
  `created_at` timestamp NULL DEFAULT NULL,
  `updated_at` timestamp NULL DEFAULT NULL
) ENGINE=InnoDB DEFAULT CHARSET=utf8mb4 COLLATE=utf8mb4_unicode_ci;

-- --------------------------------------------------------

--
-- Table structure for table `book_requests`
--

CREATE TABLE `book_requests` (
  `id` int(10) UNSIGNED NOT NULL,
  `book_id` int(10) UNSIGNED NOT NULL,
  `user_id` int(10) UNSIGNED NOT NULL,
  `start_date` varchar(255) COLLATE utf8mb4_unicode_ci NOT NULL,
  `end_date` varchar(255) COLLATE utf8mb4_unicode_ci NOT NULL,
  `returned` varchar(255) COLLATE utf8mb4_unicode_ci NOT NULL DEFAULT '0',
  `status` varchar(255) COLLATE utf8mb4_unicode_ci DEFAULT NULL,
  `created_at` timestamp NULL DEFAULT NULL,
  `updated_at` timestamp NULL DEFAULT NULL
) ENGINE=InnoDB DEFAULT CHARSET=utf8mb4 COLLATE=utf8mb4_unicode_ci;

-- --------------------------------------------------------

--
-- Table structure for table `class_types`
--

CREATE TABLE `class_types` (
  `id` int(10) UNSIGNED NOT NULL,
  `name` varchar(255) COLLATE utf8mb4_unicode_ci NOT NULL,
  `code` varchar(255) COLLATE utf8mb4_unicode_ci NOT NULL,
  `created_at` timestamp NULL DEFAULT NULL,
  `updated_at` timestamp NULL DEFAULT NULL
) ENGINE=InnoDB DEFAULT CHARSET=utf8mb4 COLLATE=utf8mb4_unicode_ci;

--
-- Dumping data for table `class_types`
--

INSERT INTO `class_types` (`id`, `name`, `code`, `created_at`, `updated_at`) VALUES
(1, 'Creche', 'C', NULL, NULL),
(2, 'Pre Nursery', 'PN', NULL, NULL),
(3, 'Nursery', 'N', NULL, NULL),
(4, 'Primary', 'P', NULL, NULL),
(5, 'Junior Secondary', 'J', NULL, NULL),
(6, 'Senior Secondary', 'S', NULL, NULL);

-- --------------------------------------------------------

--
-- Table structure for table `dorms`
--

CREATE TABLE `dorms` (
  `id` int(10) UNSIGNED NOT NULL,
  `name` varchar(100) COLLATE utf8mb4_unicode_ci NOT NULL,
  `description` varchar(255) COLLATE utf8mb4_unicode_ci DEFAULT NULL,
  `created_at` timestamp NULL DEFAULT NULL,
  `updated_at` timestamp NULL DEFAULT NULL
) ENGINE=InnoDB DEFAULT CHARSET=utf8mb4 COLLATE=utf8mb4_unicode_ci;

--
-- Dumping data for table `dorms`
--

INSERT INTO `dorms` (`id`, `name`, `description`, `created_at`, `updated_at`) VALUES
(1, 'Faith Hostel', NULL, NULL, NULL),
(2, 'Peace Hostel', NULL, NULL, NULL),
(3, 'Grace Hostel', NULL, NULL, NULL),
(4, 'Success Hostel', NULL, NULL, NULL),
(5, 'Trust Hostel', NULL, NULL, NULL);

-- --------------------------------------------------------

--
-- Table structure for table `exams`
--

CREATE TABLE `exams` (
  `id` int(10) UNSIGNED NOT NULL,
  `name` varchar(255) COLLATE utf8mb4_unicode_ci NOT NULL,
  `term` tinyint(4) NOT NULL,
  `year` varchar(40) COLLATE utf8mb4_unicode_ci NOT NULL,
  `created_at` timestamp NULL DEFAULT NULL,
  `updated_at` timestamp NULL DEFAULT NULL
) ENGINE=InnoDB DEFAULT CHARSET=utf8mb4 COLLATE=utf8mb4_unicode_ci;

--
-- Dumping data for table `exams`
--

INSERT INTO `exams` (`id`, `name`, `term`, `year`, `created_at`, `updated_at`) VALUES
(1, 'Dallington', 1, '2018-2019', '2021-04-22 17:12:08', '2021-04-22 17:12:08');

-- --------------------------------------------------------

--
-- Table structure for table `exam_records`
--

CREATE TABLE `exam_records` (
  `id` int(10) UNSIGNED NOT NULL,
  `exam_id` int(10) UNSIGNED NOT NULL,
  `student_id` int(10) UNSIGNED NOT NULL,
  `my_class_id` int(10) UNSIGNED NOT NULL,
  `section_id` int(10) UNSIGNED NOT NULL,
  `total` int(11) DEFAULT NULL,
  `ave` varchar(255) COLLATE utf8mb4_unicode_ci DEFAULT NULL,
  `class_ave` varchar(255) COLLATE utf8mb4_unicode_ci DEFAULT NULL,
  `pos` int(11) DEFAULT NULL,
  `af` varchar(255) COLLATE utf8mb4_unicode_ci DEFAULT NULL,
  `ps` varchar(255) COLLATE utf8mb4_unicode_ci DEFAULT NULL,
  `p_comment` varchar(255) COLLATE utf8mb4_unicode_ci DEFAULT NULL,
  `t_comment` varchar(255) COLLATE utf8mb4_unicode_ci DEFAULT NULL,
  `year` varchar(255) COLLATE utf8mb4_unicode_ci NOT NULL,
  `created_at` timestamp NULL DEFAULT NULL,
  `updated_at` timestamp NULL DEFAULT NULL
) ENGINE=InnoDB DEFAULT CHARSET=utf8mb4 COLLATE=utf8mb4_unicode_ci;

-- --------------------------------------------------------

--
-- Table structure for table `grades`
--

CREATE TABLE `grades` (
  `id` int(10) UNSIGNED NOT NULL,
  `name` varchar(40) COLLATE utf8mb4_unicode_ci NOT NULL,
  `class_type_id` int(10) UNSIGNED DEFAULT NULL,
  `mark_from` tinyint(4) NOT NULL,
  `mark_to` tinyint(4) NOT NULL,
  `remark` varchar(40) COLLATE utf8mb4_unicode_ci DEFAULT NULL,
  `created_at` timestamp NULL DEFAULT NULL,
  `updated_at` timestamp NULL DEFAULT NULL
) ENGINE=InnoDB DEFAULT CHARSET=utf8mb4 COLLATE=utf8mb4_unicode_ci;

-- --------------------------------------------------------

--
-- Table structure for table `lgas`
--

CREATE TABLE `lgas` (
  `id` int(10) UNSIGNED NOT NULL,
  `state_id` int(10) UNSIGNED NOT NULL,
  `name` varchar(255) COLLATE utf8mb4_unicode_ci NOT NULL,
  `created_at` timestamp NULL DEFAULT NULL,
  `updated_at` timestamp NULL DEFAULT NULL
) ENGINE=InnoDB DEFAULT CHARSET=utf8mb4 COLLATE=utf8mb4_unicode_ci;

--
-- Dumping data for table `lgas`
--

INSERT INTO `lgas` (`id`, `state_id`, `name`, `created_at`, `updated_at`) VALUES
(1, 1, 'Aba North', '2021-04-22 17:04:23', '2021-04-22 17:04:23'),
(2, 1, 'Aba South', '2021-04-22 17:04:23', '2021-04-22 17:04:23'),
(3, 1, 'Arochukwu', '2021-04-22 17:04:24', '2021-04-22 17:04:24'),
(4, 1, 'Bende', '2021-04-22 17:04:24', '2021-04-22 17:04:24'),
(5, 1, 'Ikwuano', '2021-04-22 17:04:24', '2021-04-22 17:04:24'),
(6, 1, 'Isiala Ngwa North', '2021-04-22 17:04:24', '2021-04-22 17:04:24'),
(7, 1, 'Isiala Ngwa South', '2021-04-22 17:04:25', '2021-04-22 17:04:25'),
(8, 1, 'Isuikwuato', '2021-04-22 17:04:25', '2021-04-22 17:04:25'),
(9, 1, 'Obi Ngwa', '2021-04-22 17:04:25', '2021-04-22 17:04:25'),
(10, 1, 'Ohafia', '2021-04-22 17:04:25', '2021-04-22 17:04:25'),
(11, 1, 'Osisioma', '2021-04-22 17:04:25', '2021-04-22 17:04:25'),
(12, 1, 'Ugwunagbo', '2021-04-22 17:04:25', '2021-04-22 17:04:25'),
(13, 1, 'Ukwa East', '2021-04-22 17:04:26', '2021-04-22 17:04:26'),
(14, 1, 'Ukwa West', '2021-04-22 17:04:26', '2021-04-22 17:04:26'),
(15, 1, 'Umuahia North', '2021-04-22 17:04:26', '2021-04-22 17:04:26'),
(16, 1, 'Umuahia South', '2021-04-22 17:04:27', '2021-04-22 17:04:27'),
(17, 1, 'Umu Nneochi', '2021-04-22 17:04:27', '2021-04-22 17:04:27'),
(18, 2, 'Demsa', '2021-04-22 17:04:27', '2021-04-22 17:04:27'),
(19, 2, 'Fufure', '2021-04-22 17:04:28', '2021-04-22 17:04:28'),
(20, 2, 'Ganye', '2021-04-22 17:04:28', '2021-04-22 17:04:28'),
(21, 2, 'Gayuk', '2021-04-22 17:04:28', '2021-04-22 17:04:28'),
(22, 2, 'Gombi', '2021-04-22 17:04:29', '2021-04-22 17:04:29'),
(23, 2, 'Grie', '2021-04-22 17:04:29', '2021-04-22 17:04:29'),
(24, 2, 'Hong', '2021-04-22 17:04:29', '2021-04-22 17:04:29'),
(25, 2, 'Jada', '2021-04-22 17:04:30', '2021-04-22 17:04:30'),
(26, 2, 'Larmurde', '2021-04-22 17:04:30', '2021-04-22 17:04:30'),
(27, 2, 'Madagali', '2021-04-22 17:04:30', '2021-04-22 17:04:30'),
(28, 2, 'Maiha', '2021-04-22 17:04:31', '2021-04-22 17:04:31'),
(29, 2, 'Mayo Belwa', '2021-04-22 17:04:31', '2021-04-22 17:04:31'),
(30, 2, 'Michika', '2021-04-22 17:04:31', '2021-04-22 17:04:31'),
(31, 2, 'Mubi North', '2021-04-22 17:04:32', '2021-04-22 17:04:32'),
(32, 2, 'Mubi South', '2021-04-22 17:04:32', '2021-04-22 17:04:32'),
(33, 2, 'Numan', '2021-04-22 17:04:32', '2021-04-22 17:04:32'),
(34, 2, 'Shelleng', '2021-04-22 17:04:32', '2021-04-22 17:04:32'),
(35, 2, 'Song', '2021-04-22 17:04:33', '2021-04-22 17:04:33'),
(36, 2, 'Toungo', '2021-04-22 17:04:33', '2021-04-22 17:04:33'),
(37, 2, 'Yola North', '2021-04-22 17:04:33', '2021-04-22 17:04:33'),
(38, 2, 'Yola South', '2021-04-22 17:04:34', '2021-04-22 17:04:34'),
(39, 3, 'Abak', '2021-04-22 17:04:35', '2021-04-22 17:04:35'),
(40, 3, 'Eastern Obolo', '2021-04-22 17:04:35', '2021-04-22 17:04:35'),
(41, 3, 'Eket', '2021-04-22 17:04:35', '2021-04-22 17:04:35'),
(42, 3, 'Esit Eket', '2021-04-22 17:04:36', '2021-04-22 17:04:36'),
(43, 3, 'Essien Udim', '2021-04-22 17:04:37', '2021-04-22 17:04:37'),
(44, 3, 'Etim Ekpo', '2021-04-22 17:04:37', '2021-04-22 17:04:37'),
(45, 3, 'Etinan', '2021-04-22 17:04:37', '2021-04-22 17:04:37'),
(46, 3, 'Ibeno', '2021-04-22 17:04:38', '2021-04-22 17:04:38'),
(47, 3, 'Ibesikpo Asutan', '2021-04-22 17:04:38', '2021-04-22 17:04:38'),
(48, 3, 'Ibiono-Ibom', '2021-04-22 17:04:38', '2021-04-22 17:04:38'),
(49, 3, 'Ika', '2021-04-22 17:04:38', '2021-04-22 17:04:38'),
(50, 3, 'Ikono', '2021-04-22 17:04:39', '2021-04-22 17:04:39'),
(51, 3, 'Ikot Abasi', '2021-04-22 17:04:39', '2021-04-22 17:04:39'),
(52, 3, 'Ikot Ekpene', '2021-04-22 17:04:40', '2021-04-22 17:04:40'),
(53, 3, 'Ini', '2021-04-22 17:04:40', '2021-04-22 17:04:40'),
(54, 3, 'Itu', '2021-04-22 17:04:40', '2021-04-22 17:04:40'),
(55, 3, 'Mbo', '2021-04-22 17:04:41', '2021-04-22 17:04:41'),
(56, 3, 'Mkpat-Enin', '2021-04-22 17:04:41', '2021-04-22 17:04:41'),
(57, 3, 'Nsit-Atai', '2021-04-22 17:04:41', '2021-04-22 17:04:41'),
(58, 3, 'Nsit-Ibom', '2021-04-22 17:04:42', '2021-04-22 17:04:42'),
(59, 3, 'Nsit-Ubium', '2021-04-22 17:04:42', '2021-04-22 17:04:42'),
(60, 3, 'Obot Akara', '2021-04-22 17:04:43', '2021-04-22 17:04:43'),
(61, 3, 'Okobo', '2021-04-22 17:04:43', '2021-04-22 17:04:43'),
(62, 3, 'Onna', '2021-04-22 17:04:43', '2021-04-22 17:04:43'),
(63, 3, 'Oron', '2021-04-22 17:04:43', '2021-04-22 17:04:43'),
(64, 3, 'Oruk Anam', '2021-04-22 17:04:43', '2021-04-22 17:04:43'),
(65, 3, 'Udung-Uko', '2021-04-22 17:04:43', '2021-04-22 17:04:43'),
(66, 3, 'Ukanafun', '2021-04-22 17:04:44', '2021-04-22 17:04:44'),
(67, 3, 'Uruan', '2021-04-22 17:04:44', '2021-04-22 17:04:44'),
(68, 3, 'Urue-Offong/Oruko', '2021-04-22 17:04:44', '2021-04-22 17:04:44'),
(69, 3, 'Uyo', '2021-04-22 17:04:44', '2021-04-22 17:04:44'),
(70, 4, 'Aguata', '2021-04-22 17:04:45', '2021-04-22 17:04:45'),
(71, 4, 'Anambra East', '2021-04-22 17:04:45', '2021-04-22 17:04:45'),
(72, 4, 'Anambra West', '2021-04-22 17:04:45', '2021-04-22 17:04:45'),
(73, 4, 'Anaocha', '2021-04-22 17:04:45', '2021-04-22 17:04:45'),
(74, 4, 'Awka North', '2021-04-22 17:04:45', '2021-04-22 17:04:45'),
(75, 4, 'Awka South', '2021-04-22 17:04:46', '2021-04-22 17:04:46'),
(76, 4, 'Ayamelum', '2021-04-22 17:04:46', '2021-04-22 17:04:46'),
(77, 4, 'Dunukofia', '2021-04-22 17:04:46', '2021-04-22 17:04:46'),
(78, 4, 'Ekwusigo', '2021-04-22 17:04:46', '2021-04-22 17:04:46'),
(79, 4, 'Idemili North', '2021-04-22 17:04:46', '2021-04-22 17:04:46'),
(80, 4, 'Idemili South', '2021-04-22 17:04:46', '2021-04-22 17:04:46'),
(81, 4, 'Ihiala', '2021-04-22 17:04:47', '2021-04-22 17:04:47'),
(82, 4, 'Njikoka', '2021-04-22 17:04:47', '2021-04-22 17:04:47'),
(83, 4, 'Nnewi North', '2021-04-22 17:04:47', '2021-04-22 17:04:47'),
(84, 4, 'Nnewi South', '2021-04-22 17:04:48', '2021-04-22 17:04:48'),
(85, 4, 'Ogbaru', '2021-04-22 17:04:48', '2021-04-22 17:04:48'),
(86, 4, 'Onitsha North', '2021-04-22 17:04:51', '2021-04-22 17:04:51'),
(87, 4, 'Onitsha South', '2021-04-22 17:04:54', '2021-04-22 17:04:54'),
(88, 4, 'Orumba North', '2021-04-22 17:04:54', '2021-04-22 17:04:54'),
(89, 4, 'Orumba South', '2021-04-22 17:04:54', '2021-04-22 17:04:54'),
(90, 4, 'Oyi', '2021-04-22 17:04:55', '2021-04-22 17:04:55'),
(91, 5, 'Alkaleri', '2021-04-22 17:04:55', '2021-04-22 17:04:55'),
(92, 5, 'Bauchi', '2021-04-22 17:04:55', '2021-04-22 17:04:55'),
(93, 5, 'Bogoro', '2021-04-22 17:04:56', '2021-04-22 17:04:56'),
(94, 5, 'Damban', '2021-04-22 17:04:56', '2021-04-22 17:04:56'),
(95, 5, 'Darazo', '2021-04-22 17:04:57', '2021-04-22 17:04:57'),
(96, 5, 'Dass', '2021-04-22 17:04:57', '2021-04-22 17:04:57'),
(97, 5, 'Gamawa', '2021-04-22 17:04:58', '2021-04-22 17:04:58'),
(98, 5, 'Ganjuwa', '2021-04-22 17:04:58', '2021-04-22 17:04:58'),
(99, 5, 'Giade', '2021-04-22 17:04:59', '2021-04-22 17:04:59'),
(100, 5, 'Itas/Gadau', '2021-04-22 17:04:59', '2021-04-22 17:04:59'),
(101, 5, 'Jama\'are', '2021-04-22 17:05:00', '2021-04-22 17:05:00'),
(102, 5, 'Katagum', '2021-04-22 17:05:00', '2021-04-22 17:05:00'),
(103, 5, 'Kirfi', '2021-04-22 17:05:00', '2021-04-22 17:05:00'),
(104, 5, 'Misau', '2021-04-22 17:05:01', '2021-04-22 17:05:01'),
(105, 5, 'Ningi', '2021-04-22 17:05:01', '2021-04-22 17:05:01'),
(106, 5, 'Shira', '2021-04-22 17:05:01', '2021-04-22 17:05:01'),
(107, 5, 'Tafawa Balewa', '2021-04-22 17:05:01', '2021-04-22 17:05:01'),
(108, 5, 'Toro', '2021-04-22 17:05:02', '2021-04-22 17:05:02'),
(109, 5, 'Warji', '2021-04-22 17:05:02', '2021-04-22 17:05:02'),
(110, 5, 'Zaki', '2021-04-22 17:05:02', '2021-04-22 17:05:02'),
(111, 6, 'Brass', '2021-04-22 17:05:02', '2021-04-22 17:05:02'),
(112, 6, 'Ekeremor', '2021-04-22 17:05:02', '2021-04-22 17:05:02'),
(113, 6, 'Kolokuma/Opokuma', '2021-04-22 17:05:03', '2021-04-22 17:05:03'),
(114, 6, 'Nembe', '2021-04-22 17:05:04', '2021-04-22 17:05:04'),
(115, 6, 'Ogbia', '2021-04-22 17:05:04', '2021-04-22 17:05:04'),
(116, 6, 'Sagbama', '2021-04-22 17:05:04', '2021-04-22 17:05:04'),
(117, 6, 'Southern Ijaw', '2021-04-22 17:05:05', '2021-04-22 17:05:05'),
(118, 6, 'Yenagoa', '2021-04-22 17:05:06', '2021-04-22 17:05:06'),
(119, 7, 'Agatu', '2021-04-22 17:05:06', '2021-04-22 17:05:06'),
(120, 7, 'Apa', '2021-04-22 17:05:06', '2021-04-22 17:05:06'),
(121, 7, 'Ado', '2021-04-22 17:05:07', '2021-04-22 17:05:07'),
(122, 7, 'Buruku', '2021-04-22 17:05:08', '2021-04-22 17:05:08'),
(123, 7, 'Gboko', '2021-04-22 17:05:08', '2021-04-22 17:05:08'),
(124, 7, 'Guma', '2021-04-22 17:05:09', '2021-04-22 17:05:09'),
(125, 7, 'Gwer East', '2021-04-22 17:05:09', '2021-04-22 17:05:09'),
(126, 7, 'Gwer West', '2021-04-22 17:05:09', '2021-04-22 17:05:09'),
(127, 7, 'Katsina-Ala', '2021-04-22 17:05:10', '2021-04-22 17:05:10'),
(128, 7, 'Konshisha', '2021-04-22 17:05:11', '2021-04-22 17:05:11'),
(129, 7, 'Kwande', '2021-04-22 17:05:12', '2021-04-22 17:05:12'),
(130, 7, 'Logo', '2021-04-22 17:05:12', '2021-04-22 17:05:12'),
(131, 7, 'Makurdi', '2021-04-22 17:05:13', '2021-04-22 17:05:13'),
(132, 7, 'Obi', '2021-04-22 17:05:13', '2021-04-22 17:05:13'),
(133, 7, 'Ogbadibo', '2021-04-22 17:05:13', '2021-04-22 17:05:13'),
(134, 7, 'Ohimini', '2021-04-22 17:05:14', '2021-04-22 17:05:14'),
(135, 7, 'Oju', '2021-04-22 17:05:14', '2021-04-22 17:05:14'),
(136, 7, 'Okpokwu', '2021-04-22 17:05:15', '2021-04-22 17:05:15'),
(137, 7, 'Oturkpo', '2021-04-22 17:05:16', '2021-04-22 17:05:16'),
(138, 7, 'Tarka', '2021-04-22 17:05:16', '2021-04-22 17:05:16'),
(139, 7, 'Ukum', '2021-04-22 17:05:17', '2021-04-22 17:05:17'),
(140, 7, 'Ushongo', '2021-04-22 17:05:18', '2021-04-22 17:05:18'),
(141, 7, 'Vandeikya', '2021-04-22 17:05:18', '2021-04-22 17:05:18'),
(142, 8, 'Abadam', '2021-04-22 17:05:19', '2021-04-22 17:05:19'),
(143, 8, 'Askira/Uba', '2021-04-22 17:05:19', '2021-04-22 17:05:19'),
(144, 8, 'Bama', '2021-04-22 17:05:20', '2021-04-22 17:05:20'),
(145, 8, 'Bayo', '2021-04-22 17:05:20', '2021-04-22 17:05:20'),
(146, 8, 'Biu', '2021-04-22 17:05:21', '2021-04-22 17:05:21'),
(147, 8, 'Chibok', '2021-04-22 17:05:22', '2021-04-22 17:05:22'),
(148, 8, 'Damboa', '2021-04-22 17:05:22', '2021-04-22 17:05:22'),
(149, 8, 'Dikwa', '2021-04-22 17:05:23', '2021-04-22 17:05:23'),
(150, 8, 'Gubio', '2021-04-22 17:05:23', '2021-04-22 17:05:23'),
(151, 8, 'Guzamala', '2021-04-22 17:05:23', '2021-04-22 17:05:23'),
(152, 8, 'Gwoza', '2021-04-22 17:05:24', '2021-04-22 17:05:24'),
(153, 8, 'Hawul', '2021-04-22 17:05:24', '2021-04-22 17:05:24'),
(154, 8, 'Jere', '2021-04-22 17:05:25', '2021-04-22 17:05:25'),
(155, 8, 'Kaga', '2021-04-22 17:05:25', '2021-04-22 17:05:25'),
(156, 8, 'Kala/Balge', '2021-04-22 17:05:25', '2021-04-22 17:05:25'),
(157, 8, 'Konduga', '2021-04-22 17:05:26', '2021-04-22 17:05:26'),
(158, 8, 'Kukawa', '2021-04-22 17:05:26', '2021-04-22 17:05:26'),
(159, 8, 'Kwaya Kusar', '2021-04-22 17:05:26', '2021-04-22 17:05:26'),
(160, 8, 'Mafa', '2021-04-22 17:05:26', '2021-04-22 17:05:26'),
(161, 8, 'Magumeri', '2021-04-22 17:05:27', '2021-04-22 17:05:27'),
(162, 8, 'Maiduguri', '2021-04-22 17:05:27', '2021-04-22 17:05:27'),
(163, 8, 'Marte', '2021-04-22 17:05:27', '2021-04-22 17:05:27'),
(164, 8, 'Mobbar', '2021-04-22 17:05:28', '2021-04-22 17:05:28'),
(165, 8, 'Monguno', '2021-04-22 17:05:28', '2021-04-22 17:05:28'),
(166, 8, 'Ngala', '2021-04-22 17:05:28', '2021-04-22 17:05:28'),
(167, 8, 'Nganzai', '2021-04-22 17:05:28', '2021-04-22 17:05:28'),
(168, 8, 'Shani', '2021-04-22 17:05:29', '2021-04-22 17:05:29'),
(169, 9, 'Abi', '2021-04-22 17:05:29', '2021-04-22 17:05:29'),
(170, 9, 'Akamkpa', '2021-04-22 17:05:30', '2021-04-22 17:05:30'),
(171, 9, 'Akpabuyo', '2021-04-22 17:05:30', '2021-04-22 17:05:30'),
(172, 9, 'Bakassi', '2021-04-22 17:05:30', '2021-04-22 17:05:30'),
(173, 9, 'Bekwarra', '2021-04-22 17:05:31', '2021-04-22 17:05:31'),
(174, 9, 'Biase', '2021-04-22 17:05:31', '2021-04-22 17:05:31'),
(175, 9, 'Boki', '2021-04-22 17:05:31', '2021-04-22 17:05:31'),
(176, 9, 'Calabar Municipal', '2021-04-22 17:05:31', '2021-04-22 17:05:31'),
(177, 9, 'Calabar South', '2021-04-22 17:05:31', '2021-04-22 17:05:31'),
(178, 9, 'Etung', '2021-04-22 17:05:32', '2021-04-22 17:05:32'),
(179, 9, 'Ikom', '2021-04-22 17:05:32', '2021-04-22 17:05:32'),
(180, 9, 'Obanliku', '2021-04-22 17:05:32', '2021-04-22 17:05:32'),
(181, 9, 'Obubra', '2021-04-22 17:05:33', '2021-04-22 17:05:33'),
(182, 9, 'Obudu', '2021-04-22 17:05:33', '2021-04-22 17:05:33'),
(183, 9, 'Odukpani', '2021-04-22 17:05:33', '2021-04-22 17:05:33'),
(184, 9, 'Ogoja', '2021-04-22 17:05:33', '2021-04-22 17:05:33'),
(185, 9, 'Yakuur', '2021-04-22 17:05:34', '2021-04-22 17:05:34'),
(186, 9, 'Yala', '2021-04-22 17:05:34', '2021-04-22 17:05:34'),
(187, 10, 'Aniocha North', '2021-04-22 17:05:34', '2021-04-22 17:05:34'),
(188, 10, 'Aniocha South', '2021-04-22 17:05:35', '2021-04-22 17:05:35'),
(189, 10, 'Bomadi', '2021-04-22 17:05:36', '2021-04-22 17:05:36'),
(190, 10, 'Burutu', '2021-04-22 17:05:36', '2021-04-22 17:05:36'),
(191, 10, 'Ethiope East', '2021-04-22 17:05:36', '2021-04-22 17:05:36'),
(192, 10, 'Ethiope West', '2021-04-22 17:05:37', '2021-04-22 17:05:37'),
(193, 10, 'Ika North East', '2021-04-22 17:05:37', '2021-04-22 17:05:37'),
(194, 10, 'Ika South', '2021-04-22 17:05:37', '2021-04-22 17:05:37'),
(195, 10, 'Isoko North', '2021-04-22 17:05:38', '2021-04-22 17:05:38'),
(196, 10, 'Isoko South', '2021-04-22 17:05:38', '2021-04-22 17:05:38'),
(197, 10, 'Ndokwa East', '2021-04-22 17:05:38', '2021-04-22 17:05:38'),
(198, 10, 'Ndokwa West', '2021-04-22 17:05:39', '2021-04-22 17:05:39'),
(199, 10, 'Okpe', '2021-04-22 17:05:39', '2021-04-22 17:05:39'),
(200, 10, 'Oshimili North', '2021-04-22 17:05:39', '2021-04-22 17:05:39'),
(201, 10, 'Oshimili South', '2021-04-22 17:05:40', '2021-04-22 17:05:40'),
(202, 10, 'Patani', '2021-04-22 17:05:40', '2021-04-22 17:05:40'),
(203, 10, 'Sapele, Delta', '2021-04-22 17:05:40', '2021-04-22 17:05:40'),
(204, 10, 'Udu', '2021-04-22 17:05:41', '2021-04-22 17:05:41'),
(205, 10, 'Ughelli North', '2021-04-22 17:05:41', '2021-04-22 17:05:41'),
(206, 10, 'Ughelli South', '2021-04-22 17:05:41', '2021-04-22 17:05:41'),
(207, 10, 'Ukwuani', '2021-04-22 17:05:42', '2021-04-22 17:05:42'),
(208, 10, 'Uvwie', '2021-04-22 17:05:42', '2021-04-22 17:05:42'),
(209, 10, 'Warri North', '2021-04-22 17:05:42', '2021-04-22 17:05:42'),
(210, 10, 'Warri South', '2021-04-22 17:05:42', '2021-04-22 17:05:42'),
(211, 10, 'Warri South West', '2021-04-22 17:05:43', '2021-04-22 17:05:43'),
(212, 11, 'Abakaliki', '2021-04-22 17:05:43', '2021-04-22 17:05:43'),
(213, 11, 'Afikpo North', '2021-04-22 17:05:44', '2021-04-22 17:05:44'),
(214, 11, 'Afikpo South', '2021-04-22 17:05:44', '2021-04-22 17:05:44'),
(215, 11, 'Ebonyi', '2021-04-22 17:05:45', '2021-04-22 17:05:45'),
(216, 11, 'Ezza North', '2021-04-22 17:05:45', '2021-04-22 17:05:45'),
(217, 11, 'Ezza South', '2021-04-22 17:05:46', '2021-04-22 17:05:46'),
(218, 11, 'Ikwo', '2021-04-22 17:05:46', '2021-04-22 17:05:46'),
(219, 11, 'Ishielu', '2021-04-22 17:05:46', '2021-04-22 17:05:46'),
(220, 11, 'Ivo', '2021-04-22 17:05:47', '2021-04-22 17:05:47'),
(221, 11, 'Izzi', '2021-04-22 17:05:47', '2021-04-22 17:05:47'),
(222, 11, 'Ohaozara', '2021-04-22 17:05:48', '2021-04-22 17:05:48'),
(223, 11, 'Ohaukwu', '2021-04-22 17:05:48', '2021-04-22 17:05:48'),
(224, 11, 'Onicha', '2021-04-22 17:05:49', '2021-04-22 17:05:49'),
(225, 12, 'Akoko-Edo', '2021-04-22 17:05:49', '2021-04-22 17:05:49'),
(226, 12, 'Egor', '2021-04-22 17:05:49', '2021-04-22 17:05:49'),
(227, 12, 'Esan Central', '2021-04-22 17:05:50', '2021-04-22 17:05:50'),
(228, 12, 'Esan North-East', '2021-04-22 17:05:50', '2021-04-22 17:05:50'),
(229, 12, 'Esan South-East', '2021-04-22 17:05:50', '2021-04-22 17:05:50'),
(230, 12, 'Esan West', '2021-04-22 17:05:50', '2021-04-22 17:05:50'),
(231, 12, 'Etsako Central', '2021-04-22 17:05:51', '2021-04-22 17:05:51'),
(232, 12, 'Etsako East', '2021-04-22 17:05:51', '2021-04-22 17:05:51'),
(233, 12, 'Etsako West', '2021-04-22 17:05:51', '2021-04-22 17:05:51'),
(234, 12, 'Igueben', '2021-04-22 17:05:52', '2021-04-22 17:05:52'),
(235, 12, 'Ikpoba Okha', '2021-04-22 17:05:52', '2021-04-22 17:05:52'),
(236, 12, 'Orhionmwon', '2021-04-22 17:05:53', '2021-04-22 17:05:53'),
(237, 12, 'Oredo', '2021-04-22 17:05:53', '2021-04-22 17:05:53'),
(238, 12, 'Ovia North-East', '2021-04-22 17:05:53', '2021-04-22 17:05:53'),
(239, 12, 'Ovia South-West', '2021-04-22 17:05:54', '2021-04-22 17:05:54'),
(240, 12, 'Owan East', '2021-04-22 17:05:54', '2021-04-22 17:05:54'),
(241, 12, 'Owan West', '2021-04-22 17:05:54', '2021-04-22 17:05:54'),
(242, 12, 'Uhunmwonde', '2021-04-22 17:05:55', '2021-04-22 17:05:55'),
(243, 13, 'Ado Ekiti', '2021-04-22 17:05:55', '2021-04-22 17:05:55'),
(244, 13, 'Efon', '2021-04-22 17:05:56', '2021-04-22 17:05:56'),
(245, 13, 'Ekiti East', '2021-04-22 17:05:56', '2021-04-22 17:05:56'),
(246, 13, 'Ekiti South-West', '2021-04-22 17:05:56', '2021-04-22 17:05:56'),
(247, 13, 'Ekiti West', '2021-04-22 17:05:57', '2021-04-22 17:05:57'),
(248, 13, 'Emure', '2021-04-22 17:05:57', '2021-04-22 17:05:57'),
(249, 13, 'Gbonyin', '2021-04-22 17:05:57', '2021-04-22 17:05:57'),
(250, 13, 'Ido Osi', '2021-04-22 17:05:58', '2021-04-22 17:05:58'),
(251, 13, 'Ijero', '2021-04-22 17:05:58', '2021-04-22 17:05:58'),
(252, 13, 'Ikere', '2021-04-22 17:05:58', '2021-04-22 17:05:58'),
(253, 13, 'Ikole', '2021-04-22 17:05:59', '2021-04-22 17:05:59'),
(254, 13, 'Ilejemeje', '2021-04-22 17:05:59', '2021-04-22 17:05:59'),
(255, 13, 'Irepodun/Ifelodun', '2021-04-22 17:05:59', '2021-04-22 17:05:59'),
(256, 13, 'Ise/Orun', '2021-04-22 17:05:59', '2021-04-22 17:05:59'),
(257, 13, 'Moba', '2021-04-22 17:05:59', '2021-04-22 17:05:59'),
(258, 13, 'Oye', '2021-04-22 17:06:00', '2021-04-22 17:06:00'),
(259, 14, 'Aninri', '2021-04-22 17:06:00', '2021-04-22 17:06:00'),
(260, 14, 'Awgu', '2021-04-22 17:06:00', '2021-04-22 17:06:00'),
(261, 14, 'Enugu East', '2021-04-22 17:06:00', '2021-04-22 17:06:00'),
(262, 14, 'Enugu North', '2021-04-22 17:06:00', '2021-04-22 17:06:00'),
(263, 14, 'Enugu South', '2021-04-22 17:06:00', '2021-04-22 17:06:00'),
(264, 14, 'Ezeagu', '2021-04-22 17:06:00', '2021-04-22 17:06:00'),
(265, 14, 'Igbo Etiti', '2021-04-22 17:06:01', '2021-04-22 17:06:01'),
(266, 14, 'Igbo Eze North', '2021-04-22 17:06:01', '2021-04-22 17:06:01'),
(267, 14, 'Igbo Eze South', '2021-04-22 17:06:01', '2021-04-22 17:06:01'),
(268, 14, 'Isi Uzo', '2021-04-22 17:06:01', '2021-04-22 17:06:01'),
(269, 14, 'Nkanu East', '2021-04-22 17:06:01', '2021-04-22 17:06:01'),
(270, 14, 'Nkanu West', '2021-04-22 17:06:02', '2021-04-22 17:06:02'),
(271, 14, 'Nsukka', '2021-04-22 17:06:02', '2021-04-22 17:06:02'),
(272, 14, 'Oji River', '2021-04-22 17:06:02', '2021-04-22 17:06:02'),
(273, 14, 'Udenu', '2021-04-22 17:06:02', '2021-04-22 17:06:02'),
(274, 14, 'Udi', '2021-04-22 17:06:02', '2021-04-22 17:06:02'),
(275, 14, 'Uzo Uwani', '2021-04-22 17:06:03', '2021-04-22 17:06:03'),
(276, 15, 'Abaji', '2021-04-22 17:06:03', '2021-04-22 17:06:03'),
(277, 15, 'Bwari', '2021-04-22 17:06:03', '2021-04-22 17:06:03'),
(278, 15, 'Gwagwalada', '2021-04-22 17:06:03', '2021-04-22 17:06:03'),
(279, 15, 'Kuje', '2021-04-22 17:06:03', '2021-04-22 17:06:03'),
(280, 15, 'Kwali', '2021-04-22 17:06:03', '2021-04-22 17:06:03'),
(281, 15, 'Municipal Area Council', '2021-04-22 17:06:03', '2021-04-22 17:06:03'),
(282, 16, 'Akko', '2021-04-22 17:06:04', '2021-04-22 17:06:04'),
(283, 16, 'Balanga', '2021-04-22 17:06:04', '2021-04-22 17:06:04'),
(284, 16, 'Billiri', '2021-04-22 17:06:04', '2021-04-22 17:06:04'),
(285, 16, 'Dukku', '2021-04-22 17:06:04', '2021-04-22 17:06:04'),
(286, 16, 'Funakaye', '2021-04-22 17:06:04', '2021-04-22 17:06:04'),
(287, 16, 'Gombe', '2021-04-22 17:06:05', '2021-04-22 17:06:05'),
(288, 16, 'Kaltungo', '2021-04-22 17:06:05', '2021-04-22 17:06:05'),
(289, 16, 'Kwami', '2021-04-22 17:06:05', '2021-04-22 17:06:05'),
(290, 16, 'Nafada', '2021-04-22 17:06:05', '2021-04-22 17:06:05'),
(291, 16, 'Shongom', '2021-04-22 17:06:05', '2021-04-22 17:06:05'),
(292, 16, 'Yamaltu/Deba', '2021-04-22 17:06:05', '2021-04-22 17:06:05'),
(293, 17, 'Aboh Mbaise', '2021-04-22 17:06:06', '2021-04-22 17:06:06'),
(294, 17, 'Ahiazu Mbaise', '2021-04-22 17:06:06', '2021-04-22 17:06:06'),
(295, 17, 'Ehime Mbano', '2021-04-22 17:06:06', '2021-04-22 17:06:06'),
(296, 17, 'Ezinihitte', '2021-04-22 17:06:07', '2021-04-22 17:06:07'),
(297, 17, 'Ideato North', '2021-04-22 17:06:07', '2021-04-22 17:06:07'),
(298, 17, 'Ideato South', '2021-04-22 17:06:07', '2021-04-22 17:06:07'),
(299, 17, 'Ihitte/Uboma', '2021-04-22 17:06:08', '2021-04-22 17:06:08'),
(300, 17, 'Ikeduru', '2021-04-22 17:06:08', '2021-04-22 17:06:08'),
(301, 17, 'Isiala Mbano', '2021-04-22 17:06:09', '2021-04-22 17:06:09'),
(302, 17, 'Isu', '2021-04-22 17:06:09', '2021-04-22 17:06:09'),
(303, 17, 'Mbaitoli', '2021-04-22 17:06:09', '2021-04-22 17:06:09'),
(304, 17, 'Ngor Okpala', '2021-04-22 17:06:10', '2021-04-22 17:06:10'),
(305, 17, 'Njaba', '2021-04-22 17:06:10', '2021-04-22 17:06:10'),
(306, 17, 'Nkwerre', '2021-04-22 17:06:10', '2021-04-22 17:06:10'),
(307, 17, 'Nwangele', '2021-04-22 17:06:11', '2021-04-22 17:06:11'),
(308, 17, 'Obowo', '2021-04-22 17:06:11', '2021-04-22 17:06:11'),
(309, 17, 'Oguta', '2021-04-22 17:06:11', '2021-04-22 17:06:11'),
(310, 17, 'Ohaji/Egbema', '2021-04-22 17:06:12', '2021-04-22 17:06:12'),
(311, 17, 'Okigwe', '2021-04-22 17:06:12', '2021-04-22 17:06:12'),
(312, 17, 'Orlu', '2021-04-22 17:06:13', '2021-04-22 17:06:13'),
(313, 17, 'Orsu', '2021-04-22 17:06:13', '2021-04-22 17:06:13'),
(314, 17, 'Oru East', '2021-04-22 17:06:14', '2021-04-22 17:06:14'),
(315, 17, 'Oru West', '2021-04-22 17:06:14', '2021-04-22 17:06:14'),
(316, 17, 'Owerri Municipal', '2021-04-22 17:06:14', '2021-04-22 17:06:14'),
(317, 17, 'Owerri North', '2021-04-22 17:06:15', '2021-04-22 17:06:15'),
(318, 17, 'Owerri West', '2021-04-22 17:06:15', '2021-04-22 17:06:15'),
(319, 17, 'Unuimo', '2021-04-22 17:06:15', '2021-04-22 17:06:15'),
(320, 18, 'Auyo', '2021-04-22 17:06:15', '2021-04-22 17:06:15'),
(321, 18, 'Babura', '2021-04-22 17:06:16', '2021-04-22 17:06:16'),
(322, 18, 'Biriniwa', '2021-04-22 17:06:16', '2021-04-22 17:06:16'),
(323, 18, 'Birnin Kudu', '2021-04-22 17:06:16', '2021-04-22 17:06:16'),
(324, 18, 'Buji', '2021-04-22 17:06:17', '2021-04-22 17:06:17'),
(325, 18, 'Dutse', '2021-04-22 17:06:17', '2021-04-22 17:06:17'),
(326, 18, 'Gagarawa', '2021-04-22 17:06:17', '2021-04-22 17:06:17'),
(327, 18, 'Garki', '2021-04-22 17:06:17', '2021-04-22 17:06:17'),
(328, 18, 'Gumel', '2021-04-22 17:06:18', '2021-04-22 17:06:18'),
(329, 18, 'Guri', '2021-04-22 17:06:18', '2021-04-22 17:06:18'),
(330, 18, 'Gwaram', '2021-04-22 17:06:18', '2021-04-22 17:06:18'),
(331, 18, 'Gwiwa', '2021-04-22 17:06:18', '2021-04-22 17:06:18'),
(332, 18, 'Hadejia', '2021-04-22 17:06:18', '2021-04-22 17:06:18'),
(333, 18, 'Jahun', '2021-04-22 17:06:19', '2021-04-22 17:06:19'),
(334, 18, 'Kafin Hausa', '2021-04-22 17:06:19', '2021-04-22 17:06:19'),
(335, 18, 'Kazaure', '2021-04-22 17:06:19', '2021-04-22 17:06:19'),
(336, 18, 'Kiri Kasama', '2021-04-22 17:06:20', '2021-04-22 17:06:20'),
(337, 18, 'Kiyawa', '2021-04-22 17:06:20', '2021-04-22 17:06:20'),
(338, 18, 'Kaugama', '2021-04-22 17:06:20', '2021-04-22 17:06:20'),
(339, 18, 'Maigatari', '2021-04-22 17:06:20', '2021-04-22 17:06:20'),
(340, 18, 'Malam Madori', '2021-04-22 17:06:21', '2021-04-22 17:06:21'),
(341, 18, 'Miga', '2021-04-22 17:06:21', '2021-04-22 17:06:21'),
(342, 18, 'Ringim', '2021-04-22 17:06:21', '2021-04-22 17:06:21'),
(343, 18, 'Roni', '2021-04-22 17:06:22', '2021-04-22 17:06:22'),
(344, 18, 'Sule Tankarkar', '2021-04-22 17:06:22', '2021-04-22 17:06:22'),
(345, 18, 'Taura', '2021-04-22 17:06:23', '2021-04-22 17:06:23'),
(346, 18, 'Yankwashi', '2021-04-22 17:06:23', '2021-04-22 17:06:23'),
(347, 19, 'Birnin Gwari', '2021-04-22 17:06:23', '2021-04-22 17:06:23'),
(348, 19, 'Chikun', '2021-04-22 17:06:24', '2021-04-22 17:06:24'),
(349, 19, 'Giwa', '2021-04-22 17:06:24', '2021-04-22 17:06:24'),
(350, 19, 'Igabi', '2021-04-22 17:06:25', '2021-04-22 17:06:25'),
(351, 19, 'Ikara', '2021-04-22 17:06:26', '2021-04-22 17:06:26'),
(352, 19, 'Jaba', '2021-04-22 17:06:26', '2021-04-22 17:06:26'),
(353, 19, 'Jema\'a', '2021-04-22 17:06:26', '2021-04-22 17:06:26'),
(354, 19, 'Kachia', '2021-04-22 17:06:27', '2021-04-22 17:06:27'),
(355, 19, 'Kaduna North', '2021-04-22 17:06:27', '2021-04-22 17:06:27'),
(356, 19, 'Kaduna South', '2021-04-22 17:06:27', '2021-04-22 17:06:27'),
(357, 19, 'Kagarko', '2021-04-22 17:06:28', '2021-04-22 17:06:28'),
(358, 19, 'Kajuru', '2021-04-22 17:06:28', '2021-04-22 17:06:28'),
(359, 19, 'Kaura', '2021-04-22 17:06:28', '2021-04-22 17:06:28'),
(360, 19, 'Kauru', '2021-04-22 17:06:29', '2021-04-22 17:06:29'),
(361, 19, 'Kubau', '2021-04-22 17:06:29', '2021-04-22 17:06:29'),
(362, 19, 'Kudan', '2021-04-22 17:06:29', '2021-04-22 17:06:29'),
(363, 19, 'Lere', '2021-04-22 17:06:30', '2021-04-22 17:06:30'),
(364, 19, 'Makarfi', '2021-04-22 17:06:30', '2021-04-22 17:06:30'),
(365, 19, 'Sabon Gari', '2021-04-22 17:06:30', '2021-04-22 17:06:30'),
(366, 19, 'Sanga', '2021-04-22 17:06:31', '2021-04-22 17:06:31'),
(367, 19, 'Soba', '2021-04-22 17:06:31', '2021-04-22 17:06:31'),
(368, 19, 'Zangon Kataf', '2021-04-22 17:06:31', '2021-04-22 17:06:31'),
(369, 19, 'Zaria', '2021-04-22 17:06:32', '2021-04-22 17:06:32'),
(370, 20, 'Ajingi', '2021-04-22 17:06:32', '2021-04-22 17:06:32'),
(371, 20, 'Albasu', '2021-04-22 17:06:32', '2021-04-22 17:06:32'),
(372, 20, 'Bagwai', '2021-04-22 17:06:33', '2021-04-22 17:06:33'),
(373, 20, 'Bebeji', '2021-04-22 17:06:33', '2021-04-22 17:06:33'),
(374, 20, 'Bichi', '2021-04-22 17:06:33', '2021-04-22 17:06:33'),
(375, 20, 'Bunkure', '2021-04-22 17:06:33', '2021-04-22 17:06:33'),
(376, 20, 'Dala', '2021-04-22 17:06:34', '2021-04-22 17:06:34'),
(377, 20, 'Dambatta', '2021-04-22 17:06:34', '2021-04-22 17:06:34'),
(378, 20, 'Dawakin Kudu', '2021-04-22 17:06:34', '2021-04-22 17:06:34'),
(379, 20, 'Dawakin Tofa', '2021-04-22 17:06:35', '2021-04-22 17:06:35'),
(380, 20, 'Doguwa', '2021-04-22 17:06:35', '2021-04-22 17:06:35'),
(381, 20, 'Fagge', '2021-04-22 17:06:35', '2021-04-22 17:06:35'),
(382, 20, 'Gabasawa', '2021-04-22 17:06:35', '2021-04-22 17:06:35'),
(383, 20, 'Garko', '2021-04-22 17:06:36', '2021-04-22 17:06:36'),
(384, 20, 'Garun Mallam', '2021-04-22 17:06:36', '2021-04-22 17:06:36'),
(385, 20, 'Gaya', '2021-04-22 17:06:37', '2021-04-22 17:06:37'),
(386, 20, 'Gezawa', '2021-04-22 17:06:37', '2021-04-22 17:06:37'),
(387, 20, 'Gwale', '2021-04-22 17:06:38', '2021-04-22 17:06:38'),
(388, 20, 'Gwarzo', '2021-04-22 17:06:39', '2021-04-22 17:06:39'),
(389, 20, 'Kabo', '2021-04-22 17:06:41', '2021-04-22 17:06:41'),
(390, 20, 'Kano Municipal', '2021-04-22 17:06:41', '2021-04-22 17:06:41'),
(391, 20, 'Karaye', '2021-04-22 17:06:41', '2021-04-22 17:06:41'),
(392, 20, 'Kibiya', '2021-04-22 17:06:42', '2021-04-22 17:06:42'),
(393, 20, 'Kiru', '2021-04-22 17:06:42', '2021-04-22 17:06:42'),
(394, 20, 'Kumbotso', '2021-04-22 17:06:42', '2021-04-22 17:06:42'),
(395, 20, 'Kunchi', '2021-04-22 17:06:42', '2021-04-22 17:06:42'),
(396, 20, 'Kura', '2021-04-22 17:06:43', '2021-04-22 17:06:43'),
(397, 20, 'Madobi', '2021-04-22 17:06:43', '2021-04-22 17:06:43'),
(398, 20, 'Makoda', '2021-04-22 17:06:43', '2021-04-22 17:06:43'),
(399, 20, 'Minjibir', '2021-04-22 17:06:44', '2021-04-22 17:06:44'),
(400, 20, 'Nasarawa', '2021-04-22 17:06:44', '2021-04-22 17:06:44'),
(401, 20, 'Rano', '2021-04-22 17:06:44', '2021-04-22 17:06:44'),
(402, 20, 'Rimin Gado', '2021-04-22 17:06:45', '2021-04-22 17:06:45'),
(403, 20, 'Rogo', '2021-04-22 17:06:45', '2021-04-22 17:06:45'),
(404, 20, 'Shanono', '2021-04-22 17:06:45', '2021-04-22 17:06:45'),
(405, 20, 'Sumaila', '2021-04-22 17:06:45', '2021-04-22 17:06:45'),
(406, 20, 'Takai', '2021-04-22 17:06:45', '2021-04-22 17:06:45'),
(407, 20, 'Tarauni', '2021-04-22 17:06:46', '2021-04-22 17:06:46'),
(408, 20, 'Tofa', '2021-04-22 17:06:46', '2021-04-22 17:06:46'),
(409, 20, 'Tsanyawa', '2021-04-22 17:06:46', '2021-04-22 17:06:46'),
(410, 20, 'Tudun Wada', '2021-04-22 17:06:46', '2021-04-22 17:06:46'),
(411, 20, 'Ungogo', '2021-04-22 17:06:47', '2021-04-22 17:06:47'),
(412, 20, 'Warawa', '2021-04-22 17:06:47', '2021-04-22 17:06:47'),
(413, 20, 'Wudil', '2021-04-22 17:06:47', '2021-04-22 17:06:47'),
(414, 21, 'Bakori', '2021-04-22 17:06:48', '2021-04-22 17:06:48'),
(415, 21, 'Batagarawa', '2021-04-22 17:06:49', '2021-04-22 17:06:49'),
(416, 21, 'Batsari', '2021-04-22 17:06:49', '2021-04-22 17:06:49'),
(417, 21, 'Baure', '2021-04-22 17:06:50', '2021-04-22 17:06:50'),
(418, 21, 'Bindawa', '2021-04-22 17:06:51', '2021-04-22 17:06:51'),
(419, 21, 'Charanchi', '2021-04-22 17:06:51', '2021-04-22 17:06:51'),
(420, 21, 'Dandume', '2021-04-22 17:06:51', '2021-04-22 17:06:51'),
(421, 21, 'Danja', '2021-04-22 17:06:51', '2021-04-22 17:06:51'),
(422, 21, 'Dan Musa', '2021-04-22 17:06:51', '2021-04-22 17:06:51'),
(423, 21, 'Daura', '2021-04-22 17:06:52', '2021-04-22 17:06:52'),
(424, 21, 'Dutsi', '2021-04-22 17:06:52', '2021-04-22 17:06:52'),
(425, 21, 'Dutsin Ma', '2021-04-22 17:06:52', '2021-04-22 17:06:52'),
(426, 21, 'Faskari', '2021-04-22 17:06:52', '2021-04-22 17:06:52'),
(427, 21, 'Funtua', '2021-04-22 17:06:53', '2021-04-22 17:06:53'),
(428, 21, 'Ingawa', '2021-04-22 17:06:53', '2021-04-22 17:06:53'),
(429, 21, 'Jibia', '2021-04-22 17:06:53', '2021-04-22 17:06:53'),
(430, 21, 'Kafur', '2021-04-22 17:06:53', '2021-04-22 17:06:53'),
(431, 21, 'Kaita', '2021-04-22 17:06:54', '2021-04-22 17:06:54'),
(432, 21, 'Kankara', '2021-04-22 17:06:54', '2021-04-22 17:06:54'),
(433, 21, 'Kankia', '2021-04-22 17:06:54', '2021-04-22 17:06:54'),
(434, 21, 'Katsina', '2021-04-22 17:06:55', '2021-04-22 17:06:55'),
(435, 21, 'Kurfi', '2021-04-22 17:06:57', '2021-04-22 17:06:57'),
(436, 21, 'Kusada', '2021-04-22 17:06:59', '2021-04-22 17:06:59'),
(437, 21, 'Mai\'Adua', '2021-04-22 17:07:00', '2021-04-22 17:07:00'),
(438, 21, 'Malumfashi', '2021-04-22 17:07:01', '2021-04-22 17:07:01'),
(439, 21, 'Mani', '2021-04-22 17:07:01', '2021-04-22 17:07:01'),
(440, 21, 'Mashi', '2021-04-22 17:07:01', '2021-04-22 17:07:01'),
(441, 21, 'Matazu', '2021-04-22 17:07:01', '2021-04-22 17:07:01'),
(442, 21, 'Musawa', '2021-04-22 17:07:02', '2021-04-22 17:07:02'),
(443, 21, 'Rimi', '2021-04-22 17:07:02', '2021-04-22 17:07:02'),
(444, 21, 'Sabuwa', '2021-04-22 17:07:02', '2021-04-22 17:07:02'),
(445, 21, 'Safana', '2021-04-22 17:07:02', '2021-04-22 17:07:02'),
(446, 21, 'Sandamu', '2021-04-22 17:07:03', '2021-04-22 17:07:03'),
(447, 21, 'Zango', '2021-04-22 17:07:03', '2021-04-22 17:07:03'),
(448, 22, 'Aleiro', '2021-04-22 17:07:03', '2021-04-22 17:07:03'),
(449, 22, 'Arewa Dandi', '2021-04-22 17:07:03', '2021-04-22 17:07:03'),
(450, 22, 'Argungu', '2021-04-22 17:07:03', '2021-04-22 17:07:03'),
(451, 22, 'Augie', '2021-04-22 17:07:04', '2021-04-22 17:07:04'),
(452, 22, 'Bagudo', '2021-04-22 17:07:04', '2021-04-22 17:07:04'),
(453, 22, 'Birnin Kebbi', '2021-04-22 17:07:04', '2021-04-22 17:07:04'),
(454, 22, 'Bunza', '2021-04-22 17:07:05', '2021-04-22 17:07:05'),
(455, 22, 'Dandi', '2021-04-22 17:07:05', '2021-04-22 17:07:05'),
(456, 22, 'Fakai', '2021-04-22 17:07:05', '2021-04-22 17:07:05'),
(457, 22, 'Gwandu', '2021-04-22 17:07:06', '2021-04-22 17:07:06'),
(458, 22, 'Jega', '2021-04-22 17:07:06', '2021-04-22 17:07:06'),
(459, 22, 'Kalgo', '2021-04-22 17:07:06', '2021-04-22 17:07:06'),
(460, 22, 'Koko/Besse', '2021-04-22 17:07:07', '2021-04-22 17:07:07'),
(461, 22, 'Maiyama', '2021-04-22 17:07:07', '2021-04-22 17:07:07'),
(462, 22, 'Ngaski', '2021-04-22 17:07:08', '2021-04-22 17:07:08'),
(463, 22, 'Sakaba', '2021-04-22 17:07:08', '2021-04-22 17:07:08'),
(464, 22, 'Shanga', '2021-04-22 17:07:09', '2021-04-22 17:07:09'),
(465, 22, 'Suru', '2021-04-22 17:07:09', '2021-04-22 17:07:09'),
(466, 22, 'Wasagu/Danko', '2021-04-22 17:07:09', '2021-04-22 17:07:09'),
(467, 22, 'Yauri', '2021-04-22 17:07:10', '2021-04-22 17:07:10'),
(468, 22, 'Zuru', '2021-04-22 17:07:10', '2021-04-22 17:07:10'),
(469, 23, 'Adavi', '2021-04-22 17:07:10', '2021-04-22 17:07:10'),
(470, 23, 'Ajaokuta', '2021-04-22 17:07:11', '2021-04-22 17:07:11'),
(471, 23, 'Ankpa', '2021-04-22 17:07:11', '2021-04-22 17:07:11'),
(472, 23, 'Bassa', '2021-04-22 17:07:11', '2021-04-22 17:07:11'),
(473, 23, 'Dekina', '2021-04-22 17:07:11', '2021-04-22 17:07:11'),
(474, 23, 'Ibaji', '2021-04-22 17:07:12', '2021-04-22 17:07:12'),
(475, 23, 'Idah', '2021-04-22 17:07:12', '2021-04-22 17:07:12'),
(476, 23, 'Igalamela Odolu', '2021-04-22 17:07:12', '2021-04-22 17:07:12'),
(477, 23, 'Ijumu', '2021-04-22 17:07:13', '2021-04-22 17:07:13'),
(478, 23, 'Kabba/Bunu', '2021-04-22 17:07:13', '2021-04-22 17:07:13'),
(479, 23, 'Kogi', '2021-04-22 17:07:13', '2021-04-22 17:07:13'),
(480, 23, 'Lokoja', '2021-04-22 17:07:13', '2021-04-22 17:07:13'),
(481, 23, 'Mopa Muro', '2021-04-22 17:07:14', '2021-04-22 17:07:14'),
(482, 23, 'Ofu', '2021-04-22 17:07:15', '2021-04-22 17:07:15'),
(483, 23, 'Ogori/Magongo', '2021-04-22 17:07:16', '2021-04-22 17:07:16'),
(484, 23, 'Okehi', '2021-04-22 17:07:16', '2021-04-22 17:07:16'),
(485, 23, 'Okene', '2021-04-22 17:07:17', '2021-04-22 17:07:17'),
(486, 23, 'Olamaboro', '2021-04-22 17:07:18', '2021-04-22 17:07:18'),
(487, 23, 'Omala', '2021-04-22 17:07:18', '2021-04-22 17:07:18'),
(488, 23, 'Yagba East', '2021-04-22 17:07:18', '2021-04-22 17:07:18'),
(489, 23, 'Yagba West', '2021-04-22 17:07:19', '2021-04-22 17:07:19'),
(490, 24, 'Asa', '2021-04-22 17:07:19', '2021-04-22 17:07:19'),
(491, 24, 'Baruten', '2021-04-22 17:07:19', '2021-04-22 17:07:19'),
(492, 24, 'Edu', '2021-04-22 17:07:20', '2021-04-22 17:07:20'),
(493, 24, 'Ekiti, Kwara State', '2021-04-22 17:07:20', '2021-04-22 17:07:20'),
(494, 24, 'Ifelodun', '2021-04-22 17:07:20', '2021-04-22 17:07:20'),
(495, 24, 'Ilorin East', '2021-04-22 17:07:21', '2021-04-22 17:07:21'),
(496, 24, 'Ilorin South', '2021-04-22 17:07:21', '2021-04-22 17:07:21'),
(497, 24, 'Ilorin West', '2021-04-22 17:07:22', '2021-04-22 17:07:22'),
(498, 24, 'Irepodun', '2021-04-22 17:07:22', '2021-04-22 17:07:22'),
(499, 24, 'Isin', '2021-04-22 17:07:23', '2021-04-22 17:07:23'),
(500, 24, 'Kaiama', '2021-04-22 17:07:24', '2021-04-22 17:07:24'),
(501, 24, 'Moro', '2021-04-22 17:07:25', '2021-04-22 17:07:25'),
(502, 24, 'Offa', '2021-04-22 17:07:25', '2021-04-22 17:07:25'),
(503, 24, 'Oke Ero', '2021-04-22 17:07:25', '2021-04-22 17:07:25'),
(504, 24, 'Oyun', '2021-04-22 17:07:26', '2021-04-22 17:07:26'),
(505, 24, 'Pategi', '2021-04-22 17:07:26', '2021-04-22 17:07:26'),
(506, 25, 'Agege', '2021-04-22 17:07:27', '2021-04-22 17:07:27'),
(507, 25, 'Ajeromi-Ifelodun', '2021-04-22 17:07:27', '2021-04-22 17:07:27'),
(508, 25, 'Alimosho', '2021-04-22 17:07:27', '2021-04-22 17:07:27'),
(509, 25, 'Amuwo-Odofin', '2021-04-22 17:07:27', '2021-04-22 17:07:27'),
(510, 25, 'Apapa', '2021-04-22 17:07:28', '2021-04-22 17:07:28'),
(511, 25, 'Badagry', '2021-04-22 17:07:28', '2021-04-22 17:07:28'),
(512, 25, 'Epe', '2021-04-22 17:07:29', '2021-04-22 17:07:29'),
(513, 25, 'Eti Osa', '2021-04-22 17:07:29', '2021-04-22 17:07:29'),
(514, 25, 'Ibeju-Lekki', '2021-04-22 17:07:30', '2021-04-22 17:07:30'),
(515, 25, 'Ifako-Ijaiye', '2021-04-22 17:07:30', '2021-04-22 17:07:30'),
(516, 25, 'Ikeja', '2021-04-22 17:07:30', '2021-04-22 17:07:30'),
(517, 25, 'Ikorodu', '2021-04-22 17:07:31', '2021-04-22 17:07:31'),
(518, 25, 'Kosofe', '2021-04-22 17:07:32', '2021-04-22 17:07:32'),
(519, 25, 'Lagos Island', '2021-04-22 17:07:32', '2021-04-22 17:07:32'),
(520, 25, 'Lagos Mainland', '2021-04-22 17:07:33', '2021-04-22 17:07:33'),
(521, 25, 'Mushin', '2021-04-22 17:07:33', '2021-04-22 17:07:33'),
(522, 25, 'Ojo', '2021-04-22 17:07:33', '2021-04-22 17:07:33'),
(523, 25, 'Oshodi-Isolo', '2021-04-22 17:07:34', '2021-04-22 17:07:34'),
(524, 25, 'Shomolu', '2021-04-22 17:07:34', '2021-04-22 17:07:34'),
(525, 25, 'Surulere, Lagos State', '2021-04-22 17:07:35', '2021-04-22 17:07:35'),
(526, 26, 'Akwanga', '2021-04-22 17:07:35', '2021-04-22 17:07:35'),
(527, 26, 'Awe', '2021-04-22 17:07:36', '2021-04-22 17:07:36'),
(528, 26, 'Doma', '2021-04-22 17:07:37', '2021-04-22 17:07:37'),
(529, 26, 'Karu', '2021-04-22 17:07:37', '2021-04-22 17:07:37'),
(530, 26, 'Keana', '2021-04-22 17:07:37', '2021-04-22 17:07:37'),
(531, 26, 'Keffi', '2021-04-22 17:07:37', '2021-04-22 17:07:37'),
(532, 26, 'Kokona', '2021-04-22 17:07:38', '2021-04-22 17:07:38'),
(533, 26, 'Lafia', '2021-04-22 17:07:38', '2021-04-22 17:07:38'),
(534, 26, 'Nasarawa', '2021-04-22 17:07:38', '2021-04-22 17:07:38'),
(535, 26, 'Nasarawa Egon', '2021-04-22 17:07:38', '2021-04-22 17:07:38'),
(536, 26, 'Obi', '2021-04-22 17:07:39', '2021-04-22 17:07:39'),
(537, 26, 'Toto', '2021-04-22 17:07:39', '2021-04-22 17:07:39'),
(538, 26, 'Wamba', '2021-04-22 17:07:39', '2021-04-22 17:07:39'),
(539, 27, 'Agaie', '2021-04-22 17:07:39', '2021-04-22 17:07:39'),
(540, 27, 'Agwara', '2021-04-22 17:07:39', '2021-04-22 17:07:39'),
(541, 27, 'Bida', '2021-04-22 17:07:40', '2021-04-22 17:07:40'),
(542, 27, 'Borgu', '2021-04-22 17:07:40', '2021-04-22 17:07:40'),
(543, 27, 'Bosso', '2021-04-22 17:07:40', '2021-04-22 17:07:40'),
(544, 27, 'Chanchaga', '2021-04-22 17:07:40', '2021-04-22 17:07:40'),
(545, 27, 'Edati', '2021-04-22 17:07:40', '2021-04-22 17:07:40'),
(546, 27, 'Gbako', '2021-04-22 17:07:41', '2021-04-22 17:07:41'),
(547, 27, 'Gurara', '2021-04-22 17:07:41', '2021-04-22 17:07:41'),
(548, 27, 'Katcha', '2021-04-22 17:07:41', '2021-04-22 17:07:41'),
(549, 27, 'Kontagora', '2021-04-22 17:07:41', '2021-04-22 17:07:41'),
(550, 27, 'Lapai', '2021-04-22 17:07:41', '2021-04-22 17:07:41'),
(551, 27, 'Lavun', '2021-04-22 17:07:42', '2021-04-22 17:07:42'),
(552, 27, 'Magama', '2021-04-22 17:07:42', '2021-04-22 17:07:42'),
(553, 27, 'Mariga', '2021-04-22 17:07:43', '2021-04-22 17:07:43'),
(554, 27, 'Mashegu', '2021-04-22 17:07:43', '2021-04-22 17:07:43'),
(555, 27, 'Mokwa', '2021-04-22 17:07:43', '2021-04-22 17:07:43'),
(556, 27, 'Moya', '2021-04-22 17:07:44', '2021-04-22 17:07:44'),
(557, 27, 'Paikoro', '2021-04-22 17:07:45', '2021-04-22 17:07:45'),
(558, 27, 'Rafi', '2021-04-22 17:07:47', '2021-04-22 17:07:47'),
(559, 27, 'Rijau', '2021-04-22 17:07:48', '2021-04-22 17:07:48'),
(560, 27, 'Shiroro', '2021-04-22 17:07:48', '2021-04-22 17:07:48'),
(561, 27, 'Suleja', '2021-04-22 17:07:49', '2021-04-22 17:07:49'),
(562, 27, 'Tafa', '2021-04-22 17:07:49', '2021-04-22 17:07:49'),
(563, 27, 'Wushishi', '2021-04-22 17:07:50', '2021-04-22 17:07:50'),
(564, 28, 'Abeokuta North', '2021-04-22 17:07:50', '2021-04-22 17:07:50'),
(565, 28, 'Abeokuta South', '2021-04-22 17:07:50', '2021-04-22 17:07:50'),
(566, 28, 'Ado-Odo/Ota', '2021-04-22 17:07:51', '2021-04-22 17:07:51'),
(567, 28, 'Egbado North', '2021-04-22 17:07:51', '2021-04-22 17:07:51'),
(568, 28, 'Egbado South', '2021-04-22 17:07:52', '2021-04-22 17:07:52'),
(569, 28, 'Ewekoro', '2021-04-22 17:07:52', '2021-04-22 17:07:52'),
(570, 28, 'Ifo', '2021-04-22 17:07:52', '2021-04-22 17:07:52'),
(571, 28, 'Ijebu East', '2021-04-22 17:07:53', '2021-04-22 17:07:53'),
(572, 28, 'Ijebu North', '2021-04-22 17:07:53', '2021-04-22 17:07:53'),
(573, 28, 'Ijebu North East', '2021-04-22 17:07:53', '2021-04-22 17:07:53'),
(574, 28, 'Ijebu Ode', '2021-04-22 17:07:53', '2021-04-22 17:07:53'),
(575, 28, 'Ikenne', '2021-04-22 17:07:54', '2021-04-22 17:07:54'),
(576, 28, 'Imeko Afon', '2021-04-22 17:07:54', '2021-04-22 17:07:54'),
(577, 28, 'Ipokia', '2021-04-22 17:07:54', '2021-04-22 17:07:54'),
(578, 28, 'Obafemi Owode', '2021-04-22 17:07:54', '2021-04-22 17:07:54'),
(579, 28, 'Odeda', '2021-04-22 17:07:55', '2021-04-22 17:07:55'),
(580, 28, 'Odogbolu', '2021-04-22 17:07:55', '2021-04-22 17:07:55'),
(581, 28, 'Ogun Waterside', '2021-04-22 17:07:55', '2021-04-22 17:07:55'),
(582, 28, 'Remo North', '2021-04-22 17:07:56', '2021-04-22 17:07:56'),
(583, 28, 'Shagamu', '2021-04-22 17:07:56', '2021-04-22 17:07:56'),
(584, 29, 'Akoko North-East', '2021-04-22 17:07:57', '2021-04-22 17:07:57'),
(585, 29, 'Akoko North-West', '2021-04-22 17:07:57', '2021-04-22 17:07:57'),
(586, 29, 'Akoko South-West', '2021-04-22 17:07:58', '2021-04-22 17:07:58'),
(587, 29, 'Akoko South-East', '2021-04-22 17:07:58', '2021-04-22 17:07:58'),
(588, 29, 'Akure North', '2021-04-22 17:07:59', '2021-04-22 17:07:59'),
(589, 29, 'Akure South', '2021-04-22 17:07:59', '2021-04-22 17:07:59'),
(590, 29, 'Ese Odo', '2021-04-22 17:08:00', '2021-04-22 17:08:00'),
(591, 29, 'Idanre', '2021-04-22 17:08:00', '2021-04-22 17:08:00'),
(592, 29, 'Ifedore', '2021-04-22 17:08:01', '2021-04-22 17:08:01'),
(593, 29, 'Ilaje', '2021-04-22 17:08:02', '2021-04-22 17:08:02'),
(594, 29, 'Ile Oluji/Okeigbo', '2021-04-22 17:08:02', '2021-04-22 17:08:02'),
(595, 29, 'Irele', '2021-04-22 17:08:02', '2021-04-22 17:08:02'),
(596, 29, 'Odigbo', '2021-04-22 17:08:03', '2021-04-22 17:08:03'),
(597, 29, 'Okitipupa', '2021-04-22 17:08:03', '2021-04-22 17:08:03'),
(598, 29, 'Ondo East', '2021-04-22 17:08:03', '2021-04-22 17:08:03'),
(599, 29, 'Ondo West', '2021-04-22 17:08:03', '2021-04-22 17:08:03'),
(600, 29, 'Ose', '2021-04-22 17:08:04', '2021-04-22 17:08:04'),
(601, 29, 'Owo', '2021-04-22 17:08:05', '2021-04-22 17:08:05'),
(602, 30, 'Atakunmosa East', '2021-04-22 17:08:06', '2021-04-22 17:08:06'),
(603, 30, 'Atakunmosa West', '2021-04-22 17:08:06', '2021-04-22 17:08:06'),
(604, 30, 'Aiyedaade', '2021-04-22 17:08:06', '2021-04-22 17:08:06'),
(605, 30, 'Aiyedire', '2021-04-22 17:08:07', '2021-04-22 17:08:07'),
(606, 30, 'Boluwaduro', '2021-04-22 17:08:07', '2021-04-22 17:08:07'),
(607, 30, 'Boripe', '2021-04-22 17:08:08', '2021-04-22 17:08:08'),
(608, 30, 'Ede North', '2021-04-22 17:08:08', '2021-04-22 17:08:08'),
(609, 30, 'Ede South', '2021-04-22 17:08:08', '2021-04-22 17:08:08'),
(610, 30, 'Ife Central', '2021-04-22 17:08:09', '2021-04-22 17:08:09'),
(611, 30, 'Ife East', '2021-04-22 17:08:09', '2021-04-22 17:08:09'),
(612, 30, 'Ife North', '2021-04-22 17:08:09', '2021-04-22 17:08:09'),
(613, 30, 'Ife South', '2021-04-22 17:08:10', '2021-04-22 17:08:10'),
(614, 30, 'Egbedore', '2021-04-22 17:08:10', '2021-04-22 17:08:10'),
(615, 30, 'Ejigbo', '2021-04-22 17:08:11', '2021-04-22 17:08:11'),
(616, 30, 'Ifedayo', '2021-04-22 17:08:11', '2021-04-22 17:08:11'),
(617, 30, 'Ifelodun', '2021-04-22 17:08:12', '2021-04-22 17:08:12'),
(618, 30, 'Ila', '2021-04-22 17:08:12', '2021-04-22 17:08:12'),
(619, 30, 'Ilesa East', '2021-04-22 17:08:12', '2021-04-22 17:08:12'),
(620, 30, 'Ilesa West', '2021-04-22 17:08:12', '2021-04-22 17:08:12'),
(621, 30, 'Irepodun', '2021-04-22 17:08:12', '2021-04-22 17:08:12'),
(622, 30, 'Irewole', '2021-04-22 17:08:12', '2021-04-22 17:08:12'),
(623, 30, 'Isokan', '2021-04-22 17:08:13', '2021-04-22 17:08:13'),
(624, 30, 'Iwo', '2021-04-22 17:08:13', '2021-04-22 17:08:13'),
(625, 30, 'Obokun', '2021-04-22 17:08:13', '2021-04-22 17:08:13'),
(626, 30, 'Odo Otin', '2021-04-22 17:08:13', '2021-04-22 17:08:13'),
(627, 30, 'Ola Oluwa', '2021-04-22 17:08:14', '2021-04-22 17:08:14'),
(628, 30, 'Olorunda', '2021-04-22 17:08:14', '2021-04-22 17:08:14'),
(629, 30, 'Oriade', '2021-04-22 17:08:14', '2021-04-22 17:08:14'),
(630, 30, 'Orolu', '2021-04-22 17:08:14', '2021-04-22 17:08:14'),
(631, 30, 'Osogbo', '2021-04-22 17:08:15', '2021-04-22 17:08:15'),
(632, 31, 'Afijio', '2021-04-22 17:08:15', '2021-04-22 17:08:15'),
(633, 31, 'Akinyele', '2021-04-22 17:08:15', '2021-04-22 17:08:15'),
(634, 31, 'Atiba', '2021-04-22 17:08:15', '2021-04-22 17:08:15'),
(635, 31, 'Atisbo', '2021-04-22 17:08:15', '2021-04-22 17:08:15'),
(636, 31, 'Egbeda', '2021-04-22 17:08:16', '2021-04-22 17:08:16'),
(637, 31, 'Ibadan North', '2021-04-22 17:08:16', '2021-04-22 17:08:16'),
(638, 31, 'Ibadan North-East', '2021-04-22 17:08:16', '2021-04-22 17:08:16'),
(639, 31, 'Ibadan North-West', '2021-04-22 17:08:16', '2021-04-22 17:08:16'),
(640, 31, 'Ibadan South-East', '2021-04-22 17:08:17', '2021-04-22 17:08:17'),
(641, 31, 'Ibadan South-West', '2021-04-22 17:08:17', '2021-04-22 17:08:17'),
(642, 31, 'Ibarapa Central', '2021-04-22 17:08:18', '2021-04-22 17:08:18'),
(643, 31, 'Ibarapa East', '2021-04-22 17:08:18', '2021-04-22 17:08:18'),
(644, 31, 'Ibarapa North', '2021-04-22 17:08:19', '2021-04-22 17:08:19'),
(645, 31, 'Ido', '2021-04-22 17:08:20', '2021-04-22 17:08:20'),
(646, 31, 'Irepo', '2021-04-22 17:08:21', '2021-04-22 17:08:21'),
(647, 31, 'Iseyin', '2021-04-22 17:08:21', '2021-04-22 17:08:21'),
(648, 31, 'Itesiwaju', '2021-04-22 17:08:21', '2021-04-22 17:08:21'),
(649, 31, 'Iwajowa', '2021-04-22 17:08:21', '2021-04-22 17:08:21'),
(650, 31, 'Kajola', '2021-04-22 17:08:21', '2021-04-22 17:08:21'),
(651, 31, 'Lagelu', '2021-04-22 17:08:22', '2021-04-22 17:08:22'),
(652, 31, 'Ogbomosho North', '2021-04-22 17:08:22', '2021-04-22 17:08:22'),
(653, 31, 'Ogbomosho South', '2021-04-22 17:08:22', '2021-04-22 17:08:22'),
(654, 31, 'Ogo Oluwa', '2021-04-22 17:08:22', '2021-04-22 17:08:22'),
(655, 31, 'Olorunsogo', '2021-04-22 17:08:22', '2021-04-22 17:08:22'),
(656, 31, 'Oluyole', '2021-04-22 17:08:22', '2021-04-22 17:08:22'),
(657, 31, 'Ona Ara', '2021-04-22 17:08:23', '2021-04-22 17:08:23'),
(658, 31, 'Orelope', '2021-04-22 17:08:23', '2021-04-22 17:08:23'),
(659, 31, 'Ori Ire', '2021-04-22 17:08:23', '2021-04-22 17:08:23'),
(660, 31, 'Oyo', '2021-04-22 17:08:23', '2021-04-22 17:08:23'),
(661, 31, 'Oyo East', '2021-04-22 17:08:24', '2021-04-22 17:08:24'),
(662, 31, 'Saki East', '2021-04-22 17:08:24', '2021-04-22 17:08:24'),
(663, 31, 'Saki West', '2021-04-22 17:08:24', '2021-04-22 17:08:24'),
(664, 31, 'Surulere, Oyo State', '2021-04-22 17:08:24', '2021-04-22 17:08:24'),
(665, 32, 'Bokkos', '2021-04-22 17:08:24', '2021-04-22 17:08:24'),
(666, 32, 'Barkin Ladi', '2021-04-22 17:08:25', '2021-04-22 17:08:25'),
(667, 32, 'Bassa', '2021-04-22 17:08:25', '2021-04-22 17:08:25'),
(668, 32, 'Jos East', '2021-04-22 17:08:25', '2021-04-22 17:08:25'),
(669, 32, 'Jos North', '2021-04-22 17:08:25', '2021-04-22 17:08:25'),
(670, 32, 'Jos South', '2021-04-22 17:08:25', '2021-04-22 17:08:25'),
(671, 32, 'Kanam', '2021-04-22 17:08:26', '2021-04-22 17:08:26'),
(672, 32, 'Kanke', '2021-04-22 17:08:26', '2021-04-22 17:08:26'),
(673, 32, 'Langtang South', '2021-04-22 17:08:26', '2021-04-22 17:08:26'),
(674, 32, 'Langtang North', '2021-04-22 17:08:26', '2021-04-22 17:08:26'),
(675, 32, 'Mangu', '2021-04-22 17:08:27', '2021-04-22 17:08:27'),
(676, 32, 'Mikang', '2021-04-22 17:08:27', '2021-04-22 17:08:27'),
(677, 32, 'Pankshin', '2021-04-22 17:08:27', '2021-04-22 17:08:27'),
(678, 32, 'Qua\'an Pan', '2021-04-22 17:08:27', '2021-04-22 17:08:27'),
(679, 32, 'Riyom', '2021-04-22 17:08:27', '2021-04-22 17:08:27'),
(680, 32, 'Shendam', '2021-04-22 17:08:28', '2021-04-22 17:08:28'),
(681, 32, 'Wase', '2021-04-22 17:08:28', '2021-04-22 17:08:28'),
(682, 33, 'Abua/Odual', '2021-04-22 17:08:28', '2021-04-22 17:08:28'),
(683, 33, 'Ahoada East', '2021-04-22 17:08:29', '2021-04-22 17:08:29'),
(684, 33, 'Ahoada West', '2021-04-22 17:08:29', '2021-04-22 17:08:29'),
(685, 33, 'Akuku-Toru', '2021-04-22 17:08:30', '2021-04-22 17:08:30'),
(686, 33, 'Andoni', '2021-04-22 17:08:30', '2021-04-22 17:08:30'),
(687, 33, 'Asari-Toru', '2021-04-22 17:08:30', '2021-04-22 17:08:30'),
(688, 33, 'Bonny', '2021-04-22 17:08:30', '2021-04-22 17:08:30'),
(689, 33, 'Degema', '2021-04-22 17:08:31', '2021-04-22 17:08:31'),
(690, 33, 'Eleme', '2021-04-22 17:08:31', '2021-04-22 17:08:31'),
(691, 33, 'Emuoha', '2021-04-22 17:08:31', '2021-04-22 17:08:31'),
(692, 33, 'Etche', '2021-04-22 17:08:32', '2021-04-22 17:08:32'),
(693, 33, 'Gokana', '2021-04-22 17:08:32', '2021-04-22 17:08:32'),
(694, 33, 'Ikwerre', '2021-04-22 17:08:32', '2021-04-22 17:08:32'),
(695, 33, 'Khana', '2021-04-22 17:08:33', '2021-04-22 17:08:33'),
(696, 33, 'Obio/Akpor', '2021-04-22 17:08:33', '2021-04-22 17:08:33'),
(697, 33, 'Ogba/Egbema/Ndoni', '2021-04-22 17:08:34', '2021-04-22 17:08:34'),
(698, 33, 'Ogu/Bolo', '2021-04-22 17:08:34', '2021-04-22 17:08:34'),
(699, 33, 'Okrika', '2021-04-22 17:08:35', '2021-04-22 17:08:35'),
(700, 33, 'Omuma', '2021-04-22 17:08:36', '2021-04-22 17:08:36'),
(701, 33, 'Opobo/Nkoro', '2021-04-22 17:08:36', '2021-04-22 17:08:36'),
(702, 33, 'Oyigbo', '2021-04-22 17:08:37', '2021-04-22 17:08:37'),
(703, 33, 'Port Harcourt', '2021-04-22 17:08:37', '2021-04-22 17:08:37'),
(704, 33, 'Tai', '2021-04-22 17:08:38', '2021-04-22 17:08:38'),
(705, 34, 'Binji', '2021-04-22 17:08:38', '2021-04-22 17:08:38'),
(706, 34, 'Bodinga', '2021-04-22 17:08:39', '2021-04-22 17:08:39'),
(707, 34, 'Dange Shuni', '2021-04-22 17:08:40', '2021-04-22 17:08:40'),
(708, 34, 'Gada', '2021-04-22 17:08:40', '2021-04-22 17:08:40'),
(709, 34, 'Goronyo', '2021-04-22 17:08:41', '2021-04-22 17:08:41'),
(710, 34, 'Gudu', '2021-04-22 17:08:42', '2021-04-22 17:08:42'),
(711, 34, 'Gwadabawa', '2021-04-22 17:08:43', '2021-04-22 17:08:43'),
(712, 34, 'Illela', '2021-04-22 17:08:46', '2021-04-22 17:08:46'),
(713, 34, 'Isa', '2021-04-22 17:08:46', '2021-04-22 17:08:46'),
(714, 34, 'Kebbe', '2021-04-22 17:08:47', '2021-04-22 17:08:47'),
(715, 34, 'Kware', '2021-04-22 17:08:47', '2021-04-22 17:08:47'),
(716, 34, 'Rabah', '2021-04-22 17:08:48', '2021-04-22 17:08:48'),
(717, 34, 'Sabon Birni', '2021-04-22 17:08:48', '2021-04-22 17:08:48'),
(718, 34, 'Shagari', '2021-04-22 17:08:49', '2021-04-22 17:08:49'),
(719, 34, 'Silame', '2021-04-22 17:08:49', '2021-04-22 17:08:49'),
(720, 34, 'Sokoto North', '2021-04-22 17:08:51', '2021-04-22 17:08:51'),
(721, 34, 'Sokoto South', '2021-04-22 17:08:51', '2021-04-22 17:08:51'),
(722, 34, 'Tambuwal', '2021-04-22 17:08:52', '2021-04-22 17:08:52'),
(723, 34, 'Tangaza', '2021-04-22 17:08:52', '2021-04-22 17:08:52'),
(724, 34, 'Tureta', '2021-04-22 17:08:52', '2021-04-22 17:08:52'),
(725, 34, 'Wamako', '2021-04-22 17:08:53', '2021-04-22 17:08:53'),
(726, 34, 'Wurno', '2021-04-22 17:08:53', '2021-04-22 17:08:53'),
(727, 34, 'Yabo', '2021-04-22 17:08:54', '2021-04-22 17:08:54'),
(728, 35, 'Ardo Kola', '2021-04-22 17:08:54', '2021-04-22 17:08:54'),
(729, 35, 'Bali', '2021-04-22 17:08:55', '2021-04-22 17:08:55'),
(730, 35, 'Donga', '2021-04-22 17:08:55', '2021-04-22 17:08:55'),
(731, 35, 'Gashaka', '2021-04-22 17:08:55', '2021-04-22 17:08:55'),
(732, 35, 'Gassol', '2021-04-22 17:08:56', '2021-04-22 17:08:56'),
(733, 35, 'Ibi', '2021-04-22 17:08:56', '2021-04-22 17:08:56'),
(734, 35, 'Jalingo', '2021-04-22 17:08:56', '2021-04-22 17:08:56'),
(735, 35, 'Karim Lamido', '2021-04-22 17:08:57', '2021-04-22 17:08:57'),
(736, 35, 'Kumi', '2021-04-22 17:08:57', '2021-04-22 17:08:57'),
(737, 35, 'Lau', '2021-04-22 17:08:57', '2021-04-22 17:08:57'),
(738, 35, 'Sardauna', '2021-04-22 17:08:58', '2021-04-22 17:08:58'),
(739, 35, 'Takum', '2021-04-22 17:08:58', '2021-04-22 17:08:58'),
(740, 35, 'Ussa', '2021-04-22 17:08:58', '2021-04-22 17:08:58'),
(741, 35, 'Wukari', '2021-04-22 17:08:59', '2021-04-22 17:08:59'),
(742, 35, 'Yorro', '2021-04-22 17:08:59', '2021-04-22 17:08:59'),
(743, 35, 'Zing', '2021-04-22 17:08:59', '2021-04-22 17:08:59'),
(744, 36, 'Bade', '2021-04-22 17:08:59', '2021-04-22 17:08:59'),
(745, 36, 'Bursari', '2021-04-22 17:09:00', '2021-04-22 17:09:00'),
(746, 36, 'Damaturu', '2021-04-22 17:09:00', '2021-04-22 17:09:00'),
(747, 36, 'Fika', '2021-04-22 17:09:00', '2021-04-22 17:09:00'),
(748, 36, 'Fune', '2021-04-22 17:09:00', '2021-04-22 17:09:00'),
(749, 36, 'Geidam', '2021-04-22 17:09:00', '2021-04-22 17:09:00'),
(750, 36, 'Gujba', '2021-04-22 17:09:01', '2021-04-22 17:09:01'),
(751, 36, 'Gulani', '2021-04-22 17:09:01', '2021-04-22 17:09:01'),
(752, 36, 'Jakusko', '2021-04-22 17:09:01', '2021-04-22 17:09:01'),
(753, 36, 'Karasuwa', '2021-04-22 17:09:01', '2021-04-22 17:09:01');
INSERT INTO `lgas` (`id`, `state_id`, `name`, `created_at`, `updated_at`) VALUES
(754, 36, 'Machina', '2021-04-22 17:09:01', '2021-04-22 17:09:01'),
(755, 36, 'Nangere', '2021-04-22 17:09:02', '2021-04-22 17:09:02'),
(756, 36, 'Nguru', '2021-04-22 17:09:02', '2021-04-22 17:09:02'),
(757, 36, 'Potiskum', '2021-04-22 17:09:02', '2021-04-22 17:09:02'),
(758, 36, 'Tarmuwa', '2021-04-22 17:09:02', '2021-04-22 17:09:02'),
(759, 36, 'Yunusari', '2021-04-22 17:09:03', '2021-04-22 17:09:03'),
(760, 36, 'Yusufari', '2021-04-22 17:09:03', '2021-04-22 17:09:03'),
(761, 37, 'Anka', '2021-04-22 17:09:03', '2021-04-22 17:09:03'),
(762, 37, 'Bakura', '2021-04-22 17:09:03', '2021-04-22 17:09:03'),
(763, 37, 'Birnin Magaji/Kiyaw', '2021-04-22 17:09:04', '2021-04-22 17:09:04'),
(764, 37, 'Bukkuyum', '2021-04-22 17:09:04', '2021-04-22 17:09:04'),
(765, 37, 'Bungudu', '2021-04-22 17:09:04', '2021-04-22 17:09:04'),
(766, 37, 'Gummi', '2021-04-22 17:09:04', '2021-04-22 17:09:04'),
(767, 37, 'Gusau', '2021-04-22 17:09:04', '2021-04-22 17:09:04'),
(768, 37, 'Kaura Namoda', '2021-04-22 17:09:05', '2021-04-22 17:09:05'),
(769, 37, 'Maradun', '2021-04-22 17:09:05', '2021-04-22 17:09:05'),
(770, 37, 'Maru', '2021-04-22 17:09:05', '2021-04-22 17:09:05'),
(771, 37, 'Shinkafi', '2021-04-22 17:09:05', '2021-04-22 17:09:05'),
(772, 37, 'Talata Mafara', '2021-04-22 17:09:06', '2021-04-22 17:09:06'),
(773, 37, 'Chafe', '2021-04-22 17:09:06', '2021-04-22 17:09:06'),
(774, 37, 'Zurmi', '2021-04-22 17:09:06', '2021-04-22 17:09:06');

-- --------------------------------------------------------

--
-- Table structure for table `marks`
--

CREATE TABLE `marks` (
  `id` int(10) UNSIGNED NOT NULL,
  `student_id` int(10) UNSIGNED NOT NULL,
  `subject_id` int(10) UNSIGNED NOT NULL,
  `my_class_id` int(10) UNSIGNED NOT NULL,
  `section_id` int(10) UNSIGNED NOT NULL,
  `exam_id` int(10) UNSIGNED NOT NULL,
  `t1` int(11) DEFAULT NULL,
  `t2` int(11) DEFAULT NULL,
  `t3` int(11) DEFAULT NULL,
  `t4` int(11) DEFAULT NULL,
  `tca` int(11) DEFAULT NULL,
  `exm` int(11) DEFAULT NULL,
  `tex1` int(11) DEFAULT NULL,
  `tex2` int(11) DEFAULT NULL,
  `tex3` int(11) DEFAULT NULL,
  `sub_pos` tinyint(4) DEFAULT NULL,
  `cum` int(11) DEFAULT NULL,
  `cum_ave` varchar(255) COLLATE utf8mb4_unicode_ci DEFAULT NULL,
  `grade_id` int(10) UNSIGNED DEFAULT NULL,
  `year` varchar(255) COLLATE utf8mb4_unicode_ci NOT NULL,
  `created_at` timestamp NULL DEFAULT NULL,
  `updated_at` timestamp NULL DEFAULT NULL
) ENGINE=InnoDB DEFAULT CHARSET=utf8mb4 COLLATE=utf8mb4_unicode_ci;

-- --------------------------------------------------------

--
-- Table structure for table `migrations`
--

CREATE TABLE `migrations` (
  `id` int(10) UNSIGNED NOT NULL,
  `migration` varchar(255) COLLATE utf8mb4_unicode_ci NOT NULL,
  `batch` int(11) NOT NULL
) ENGINE=InnoDB DEFAULT CHARSET=utf8mb4 COLLATE=utf8mb4_unicode_ci;

--
-- Dumping data for table `migrations`
--

INSERT INTO `migrations` (`id`, `migration`, `batch`) VALUES
(1, '2013_09_20_121733_create_blood_groups_table', 1),
(2, '2013_09_22_124750_create_states_table', 1),
(3, '2013_09_22_124806_create_lgas_table', 1),
(4, '2013_09_26_121148_create_nationalities_table', 1),
(5, '2014_10_12_000000_create_users_table', 1),
(6, '2014_10_12_100000_create_password_resets_table', 1),
(7, '2018_09_20_100249_create_user_types_table', 1),
(8, '2018_09_20_150906_create_class_types_table', 1),
(9, '2018_09_22_073005_create_my_classes_table', 1),
(10, '2018_09_22_073526_create_sections_table', 1),
(11, '2018_09_22_080555_create_settings_table', 1),
(12, '2018_09_22_081302_create_subjects_table', 1),
(13, '2018_09_22_151514_create_student_records_table', 1),
(14, '2018_09_26_124241_create_dorms_table', 1),
(15, '2018_10_04_224910_create_exams_table', 1),
(16, '2018_10_06_224846_create_marks_table', 1),
(17, '2018_10_06_224944_create_grades_table', 1),
(18, '2018_10_06_225007_create_pins_table', 1),
(19, '2018_10_18_205550_create_skills_table', 1),
(20, '2018_10_18_205842_create_exam_records_table', 1),
(21, '2018_10_31_191358_create_books_table', 1),
(22, '2018_10_31_192540_create_book_requests_table', 1),
(23, '2018_11_01_132115_create_staff_records_table', 1),
(24, '2018_11_03_210758_create_payments_table', 1),
(25, '2018_11_03_210817_create_payment_records_table', 1),
(26, '2018_11_06_083707_create_receipts_table', 1),
(27, '2018_11_27_180401_create_time_tables_table', 1),
(28, '2019_09_22_142514_create_fks', 1),
(29, '2019_09_26_132227_create_promotions_table', 1);

-- --------------------------------------------------------

--
-- Table structure for table `my_classes`
--

CREATE TABLE `my_classes` (
  `id` int(10) UNSIGNED NOT NULL,
  `name` varchar(100) COLLATE utf8mb4_unicode_ci NOT NULL,
  `class_type_id` int(10) UNSIGNED DEFAULT NULL,
  `created_at` timestamp NULL DEFAULT NULL,
  `updated_at` timestamp NULL DEFAULT NULL
) ENGINE=InnoDB DEFAULT CHARSET=utf8mb4 COLLATE=utf8mb4_unicode_ci;

--
-- Dumping data for table `my_classes`
--

INSERT INTO `my_classes` (`id`, `name`, `class_type_id`, `created_at`, `updated_at`) VALUES
(1, 'Nursery 1', 3, NULL, NULL),
(2, 'Nursery 2', 3, NULL, NULL),
(3, 'Nursery 3', 3, NULL, NULL),
(4, 'Primary 1', 4, NULL, NULL),
(5, 'Primary 2', 4, NULL, NULL),
(6, 'JSS 2', 5, NULL, NULL),
(7, 'JSS 3', 5, NULL, NULL),
(8, 'SSS 1', 6, NULL, NULL),
(9, 'SSS 2', 6, NULL, NULL),
(10, 'SSS 3', 6, NULL, NULL);

-- --------------------------------------------------------

--
-- Table structure for table `nationalities`
--

CREATE TABLE `nationalities` (
  `id` int(10) UNSIGNED NOT NULL,
  `name` varchar(255) COLLATE utf8mb4_unicode_ci NOT NULL,
  `created_at` timestamp NULL DEFAULT NULL,
  `updated_at` timestamp NULL DEFAULT NULL
) ENGINE=InnoDB DEFAULT CHARSET=utf8mb4 COLLATE=utf8mb4_unicode_ci;

--
-- Dumping data for table `nationalities`
--

INSERT INTO `nationalities` (`id`, `name`, `created_at`, `updated_at`) VALUES
(1, 'Afghan', '2021-04-22 17:03:01', '2021-04-22 17:03:01'),
(2, 'Albanian', '2021-04-22 17:03:02', '2021-04-22 17:03:02'),
(3, 'Algerian', '2021-04-22 17:03:02', '2021-04-22 17:03:02'),
(4, 'American', '2021-04-22 17:03:02', '2021-04-22 17:03:02'),
(5, 'Andorran', '2021-04-22 17:03:02', '2021-04-22 17:03:02'),
(6, 'Angolan', '2021-04-22 17:03:02', '2021-04-22 17:03:02'),
(7, 'Antiguans', '2021-04-22 17:03:02', '2021-04-22 17:03:02'),
(8, 'Argentinean', '2021-04-22 17:03:03', '2021-04-22 17:03:03'),
(9, 'Armenian', '2021-04-22 17:03:03', '2021-04-22 17:03:03'),
(10, 'Australian', '2021-04-22 17:03:03', '2021-04-22 17:03:03'),
(11, 'Austrian', '2021-04-22 17:03:03', '2021-04-22 17:03:03'),
(12, 'Azerbaijani', '2021-04-22 17:03:03', '2021-04-22 17:03:03'),
(13, 'Bahamian', '2021-04-22 17:03:03', '2021-04-22 17:03:03'),
(14, 'Bahraini', '2021-04-22 17:03:04', '2021-04-22 17:03:04'),
(15, 'Bangladeshi', '2021-04-22 17:03:04', '2021-04-22 17:03:04'),
(16, 'Barbadian', '2021-04-22 17:03:04', '2021-04-22 17:03:04'),
(17, 'Barbudans', '2021-04-22 17:03:04', '2021-04-22 17:03:04'),
(18, 'Batswana', '2021-04-22 17:03:04', '2021-04-22 17:03:04'),
(19, 'Belarusian', '2021-04-22 17:03:05', '2021-04-22 17:03:05'),
(20, 'Belgian', '2021-04-22 17:03:05', '2021-04-22 17:03:05'),
(21, 'Belizean', '2021-04-22 17:03:05', '2021-04-22 17:03:05'),
(22, 'Beninese', '2021-04-22 17:03:05', '2021-04-22 17:03:05'),
(23, 'Bhutanese', '2021-04-22 17:03:05', '2021-04-22 17:03:05'),
(24, 'Bolivian', '2021-04-22 17:03:06', '2021-04-22 17:03:06'),
(25, 'Bosnian', '2021-04-22 17:03:06', '2021-04-22 17:03:06'),
(26, 'Brazilian', '2021-04-22 17:03:06', '2021-04-22 17:03:06'),
(27, 'British', '2021-04-22 17:03:06', '2021-04-22 17:03:06'),
(28, 'Bruneian', '2021-04-22 17:03:06', '2021-04-22 17:03:06'),
(29, 'Bulgarian', '2021-04-22 17:03:07', '2021-04-22 17:03:07'),
(30, 'Burkinabe', '2021-04-22 17:03:07', '2021-04-22 17:03:07'),
(31, 'Burmese', '2021-04-22 17:03:07', '2021-04-22 17:03:07'),
(32, 'Burundian', '2021-04-22 17:03:07', '2021-04-22 17:03:07'),
(33, 'Cambodian', '2021-04-22 17:03:08', '2021-04-22 17:03:08'),
(34, 'Cameroonian', '2021-04-22 17:03:08', '2021-04-22 17:03:08'),
(35, 'Canadian', '2021-04-22 17:03:08', '2021-04-22 17:03:08'),
(36, 'Cape Verdean', '2021-04-22 17:03:08', '2021-04-22 17:03:08'),
(37, 'Central African', '2021-04-22 17:03:08', '2021-04-22 17:03:08'),
(38, 'Chadian', '2021-04-22 17:03:08', '2021-04-22 17:03:08'),
(39, 'Chilean', '2021-04-22 17:03:09', '2021-04-22 17:03:09'),
(40, 'Chinese', '2021-04-22 17:03:09', '2021-04-22 17:03:09'),
(41, 'Colombian', '2021-04-22 17:03:09', '2021-04-22 17:03:09'),
(42, 'Comoran', '2021-04-22 17:03:09', '2021-04-22 17:03:09'),
(43, 'Congolese', '2021-04-22 17:03:09', '2021-04-22 17:03:09'),
(44, 'Costa Rican', '2021-04-22 17:03:10', '2021-04-22 17:03:10'),
(45, 'Croatian', '2021-04-22 17:03:10', '2021-04-22 17:03:10'),
(46, 'Cuban', '2021-04-22 17:03:10', '2021-04-22 17:03:10'),
(47, 'Cypriot', '2021-04-22 17:03:10', '2021-04-22 17:03:10'),
(48, 'Czech', '2021-04-22 17:03:10', '2021-04-22 17:03:10'),
(49, 'Danish', '2021-04-22 17:03:11', '2021-04-22 17:03:11'),
(50, 'Djibouti', '2021-04-22 17:03:11', '2021-04-22 17:03:11'),
(51, 'Dominican', '2021-04-22 17:03:11', '2021-04-22 17:03:11'),
(52, 'Dutch', '2021-04-22 17:03:11', '2021-04-22 17:03:11'),
(53, 'East Timorese', '2021-04-22 17:03:11', '2021-04-22 17:03:11'),
(54, 'Ecuadorean', '2021-04-22 17:03:12', '2021-04-22 17:03:12'),
(55, 'Egyptian', '2021-04-22 17:03:12', '2021-04-22 17:03:12'),
(56, 'Emirian', '2021-04-22 17:03:12', '2021-04-22 17:03:12'),
(57, 'Equatorial Guinean', '2021-04-22 17:03:12', '2021-04-22 17:03:12'),
(58, 'Eritrean', '2021-04-22 17:03:12', '2021-04-22 17:03:12'),
(59, 'Estonian', '2021-04-22 17:03:13', '2021-04-22 17:03:13'),
(60, 'Ethiopian', '2021-04-22 17:03:13', '2021-04-22 17:03:13'),
(61, 'Fijian', '2021-04-22 17:03:13', '2021-04-22 17:03:13'),
(62, 'Filipino', '2021-04-22 17:03:14', '2021-04-22 17:03:14'),
(63, 'Finnish', '2021-04-22 17:03:14', '2021-04-22 17:03:14'),
(64, 'French', '2021-04-22 17:03:14', '2021-04-22 17:03:14'),
(65, 'Gabonese', '2021-04-22 17:03:14', '2021-04-22 17:03:14'),
(66, 'Gambian', '2021-04-22 17:03:15', '2021-04-22 17:03:15'),
(67, 'Georgian', '2021-04-22 17:03:15', '2021-04-22 17:03:15'),
(68, 'German', '2021-04-22 17:03:15', '2021-04-22 17:03:15'),
(69, 'Ghanaian', '2021-04-22 17:03:16', '2021-04-22 17:03:16'),
(70, 'Greek', '2021-04-22 17:03:16', '2021-04-22 17:03:16'),
(71, 'Grenadian', '2021-04-22 17:03:17', '2021-04-22 17:03:17'),
(72, 'Guatemalan', '2021-04-22 17:03:17', '2021-04-22 17:03:17'),
(73, 'Guinea-Bissauan', '2021-04-22 17:03:17', '2021-04-22 17:03:17'),
(74, 'Guinean', '2021-04-22 17:03:18', '2021-04-22 17:03:18'),
(75, 'Guyanese', '2021-04-22 17:03:19', '2021-04-22 17:03:19'),
(76, 'Haitian', '2021-04-22 17:03:19', '2021-04-22 17:03:19'),
(77, 'Herzegovinian', '2021-04-22 17:03:20', '2021-04-22 17:03:20'),
(78, 'Honduran', '2021-04-22 17:03:20', '2021-04-22 17:03:20'),
(79, 'Hungarian', '2021-04-22 17:03:20', '2021-04-22 17:03:20'),
(80, 'I-Kiribati', '2021-04-22 17:03:21', '2021-04-22 17:03:21'),
(81, 'Icelander', '2021-04-22 17:03:21', '2021-04-22 17:03:21'),
(82, 'Indian', '2021-04-22 17:03:21', '2021-04-22 17:03:21'),
(83, 'Indonesian', '2021-04-22 17:03:22', '2021-04-22 17:03:22'),
(84, 'Iranian', '2021-04-22 17:03:22', '2021-04-22 17:03:22'),
(85, 'Iraqi', '2021-04-22 17:03:23', '2021-04-22 17:03:23'),
(86, 'Irish', '2021-04-22 17:03:23', '2021-04-22 17:03:23'),
(87, 'Israeli', '2021-04-22 17:03:23', '2021-04-22 17:03:23'),
(88, 'Italian', '2021-04-22 17:03:24', '2021-04-22 17:03:24'),
(89, 'Ivorian', '2021-04-22 17:03:24', '2021-04-22 17:03:24'),
(90, 'Jamaican', '2021-04-22 17:03:24', '2021-04-22 17:03:24'),
(91, 'Japanese', '2021-04-22 17:03:24', '2021-04-22 17:03:24'),
(92, 'Jordanian', '2021-04-22 17:03:25', '2021-04-22 17:03:25'),
(93, 'Kazakhstani', '2021-04-22 17:03:25', '2021-04-22 17:03:25'),
(94, 'Kenyan', '2021-04-22 17:03:25', '2021-04-22 17:03:25'),
(95, 'Kittian and Nevisian', '2021-04-22 17:03:25', '2021-04-22 17:03:25'),
(96, 'Kuwaiti', '2021-04-22 17:03:25', '2021-04-22 17:03:25'),
(97, 'Kyrgyz', '2021-04-22 17:03:26', '2021-04-22 17:03:26'),
(98, 'Laotian', '2021-04-22 17:03:26', '2021-04-22 17:03:26'),
(99, 'Latvian', '2021-04-22 17:03:26', '2021-04-22 17:03:26'),
(100, 'Lebanese', '2021-04-22 17:03:26', '2021-04-22 17:03:26'),
(101, 'Liberian', '2021-04-22 17:03:27', '2021-04-22 17:03:27'),
(102, 'Libyan', '2021-04-22 17:03:27', '2021-04-22 17:03:27'),
(103, 'Liechtensteiner', '2021-04-22 17:03:27', '2021-04-22 17:03:27'),
(104, 'Lithuanian', '2021-04-22 17:03:27', '2021-04-22 17:03:27'),
(105, 'Luxembourger', '2021-04-22 17:03:27', '2021-04-22 17:03:27'),
(106, 'Macedonian', '2021-04-22 17:03:28', '2021-04-22 17:03:28'),
(107, 'Malagasy', '2021-04-22 17:03:28', '2021-04-22 17:03:28'),
(108, 'Malawian', '2021-04-22 17:03:28', '2021-04-22 17:03:28'),
(109, 'Malaysian', '2021-04-22 17:03:29', '2021-04-22 17:03:29'),
(110, 'Maldivan', '2021-04-22 17:03:29', '2021-04-22 17:03:29'),
(111, 'Malian', '2021-04-22 17:03:30', '2021-04-22 17:03:30'),
(112, 'Maltese', '2021-04-22 17:03:30', '2021-04-22 17:03:30'),
(113, 'Marshallese', '2021-04-22 17:03:30', '2021-04-22 17:03:30'),
(114, 'Mauritanian', '2021-04-22 17:03:31', '2021-04-22 17:03:31'),
(115, 'Mauritian', '2021-04-22 17:03:31', '2021-04-22 17:03:31'),
(116, 'Mexican', '2021-04-22 17:03:31', '2021-04-22 17:03:31'),
(117, 'Micronesian', '2021-04-22 17:03:32', '2021-04-22 17:03:32'),
(118, 'Moldovan', '2021-04-22 17:03:32', '2021-04-22 17:03:32'),
(119, 'Monacan', '2021-04-22 17:03:33', '2021-04-22 17:03:33'),
(120, 'Mongolian', '2021-04-22 17:03:34', '2021-04-22 17:03:34'),
(121, 'Moroccan', '2021-04-22 17:03:34', '2021-04-22 17:03:34'),
(122, 'Mosotho', '2021-04-22 17:03:35', '2021-04-22 17:03:35'),
(123, 'Motswana', '2021-04-22 17:03:35', '2021-04-22 17:03:35'),
(124, 'Mozambican', '2021-04-22 17:03:35', '2021-04-22 17:03:35'),
(125, 'Namibian', '2021-04-22 17:03:35', '2021-04-22 17:03:35'),
(126, 'Nauruan', '2021-04-22 17:03:36', '2021-04-22 17:03:36'),
(127, 'Nepalese', '2021-04-22 17:03:36', '2021-04-22 17:03:36'),
(128, 'New Zealander', '2021-04-22 17:03:36', '2021-04-22 17:03:36'),
(129, 'Nicaraguan', '2021-04-22 17:03:36', '2021-04-22 17:03:36'),
(130, 'Nigerian', '2021-04-22 17:03:36', '2021-04-22 17:03:36'),
(131, 'Nigerien', '2021-04-22 17:03:37', '2021-04-22 17:03:37'),
(132, 'North Korean', '2021-04-22 17:03:37', '2021-04-22 17:03:37'),
(133, 'Northern Irish', '2021-04-22 17:03:37', '2021-04-22 17:03:37'),
(134, 'Norwegian', '2021-04-22 17:03:38', '2021-04-22 17:03:38'),
(135, 'Omani', '2021-04-22 17:03:38', '2021-04-22 17:03:38'),
(136, 'Pakistani', '2021-04-22 17:03:38', '2021-04-22 17:03:38'),
(137, 'Palauan', '2021-04-22 17:03:39', '2021-04-22 17:03:39'),
(138, 'Panamanian', '2021-04-22 17:03:39', '2021-04-22 17:03:39'),
(139, 'Papua New Guinean', '2021-04-22 17:03:39', '2021-04-22 17:03:39'),
(140, 'Paraguayan', '2021-04-22 17:03:39', '2021-04-22 17:03:39'),
(141, 'Peruvian', '2021-04-22 17:03:40', '2021-04-22 17:03:40'),
(142, 'Polish', '2021-04-22 17:03:40', '2021-04-22 17:03:40'),
(143, 'Portuguese', '2021-04-22 17:03:40', '2021-04-22 17:03:40'),
(144, 'Qatari', '2021-04-22 17:03:41', '2021-04-22 17:03:41'),
(145, 'Romanian', '2021-04-22 17:03:41', '2021-04-22 17:03:41'),
(146, 'Russian', '2021-04-22 17:03:41', '2021-04-22 17:03:41'),
(147, 'Rwandan', '2021-04-22 17:03:42', '2021-04-22 17:03:42'),
(148, 'Saint Lucian', '2021-04-22 17:03:43', '2021-04-22 17:03:43'),
(149, 'Salvadoran', '2021-04-22 17:03:44', '2021-04-22 17:03:44'),
(150, 'Samoan', '2021-04-22 17:03:45', '2021-04-22 17:03:45'),
(151, 'San Marinese', '2021-04-22 17:03:45', '2021-04-22 17:03:45'),
(152, 'Sao Tomean', '2021-04-22 17:03:46', '2021-04-22 17:03:46'),
(153, 'Saudi', '2021-04-22 17:03:47', '2021-04-22 17:03:47'),
(154, 'Scottish', '2021-04-22 17:03:47', '2021-04-22 17:03:47'),
(155, 'Senegalese', '2021-04-22 17:03:48', '2021-04-22 17:03:48'),
(156, 'Serbian', '2021-04-22 17:03:49', '2021-04-22 17:03:49'),
(157, 'Seychellois', '2021-04-22 17:03:49', '2021-04-22 17:03:49'),
(158, 'Sierra Leonean', '2021-04-22 17:03:49', '2021-04-22 17:03:49'),
(159, 'Singaporean', '2021-04-22 17:03:50', '2021-04-22 17:03:50'),
(160, 'Slovakian', '2021-04-22 17:03:50', '2021-04-22 17:03:50'),
(161, 'Slovenian', '2021-04-22 17:03:51', '2021-04-22 17:03:51'),
(162, 'Solomon Islander', '2021-04-22 17:03:51', '2021-04-22 17:03:51'),
(163, 'Somali', '2021-04-22 17:03:52', '2021-04-22 17:03:52'),
(164, 'South African', '2021-04-22 17:03:52', '2021-04-22 17:03:52'),
(165, 'South Korean', '2021-04-22 17:03:53', '2021-04-22 17:03:53'),
(166, 'Spanish', '2021-04-22 17:03:53', '2021-04-22 17:03:53'),
(167, 'Sri Lankan', '2021-04-22 17:03:53', '2021-04-22 17:03:53'),
(168, 'Sudanese', '2021-04-22 17:03:53', '2021-04-22 17:03:53'),
(169, 'Surinamer', '2021-04-22 17:03:53', '2021-04-22 17:03:53'),
(170, 'Swazi', '2021-04-22 17:03:54', '2021-04-22 17:03:54'),
(171, 'Swedish', '2021-04-22 17:03:54', '2021-04-22 17:03:54'),
(172, 'Swiss', '2021-04-22 17:03:54', '2021-04-22 17:03:54'),
(173, 'Syrian', '2021-04-22 17:03:55', '2021-04-22 17:03:55'),
(174, 'Taiwanese', '2021-04-22 17:03:55', '2021-04-22 17:03:55'),
(175, 'Tajik', '2021-04-22 17:03:56', '2021-04-22 17:03:56'),
(176, 'Tanzanian', '2021-04-22 17:03:57', '2021-04-22 17:03:57'),
(177, 'Thai', '2021-04-22 17:03:57', '2021-04-22 17:03:57'),
(178, 'Togolese', '2021-04-22 17:03:57', '2021-04-22 17:03:57'),
(179, 'Tongan', '2021-04-22 17:03:58', '2021-04-22 17:03:58'),
(180, 'Trinidadian/Tobagonian', '2021-04-22 17:03:59', '2021-04-22 17:03:59'),
(181, 'Tunisian', '2021-04-22 17:04:00', '2021-04-22 17:04:00'),
(182, 'Turkish', '2021-04-22 17:04:00', '2021-04-22 17:04:00'),
(183, 'Tuvaluan', '2021-04-22 17:04:01', '2021-04-22 17:04:01'),
(184, 'Ugandan', '2021-04-22 17:04:01', '2021-04-22 17:04:01'),
(185, 'Ukrainian', '2021-04-22 17:04:07', '2021-04-22 17:04:07'),
(186, 'Uruguayan', '2021-04-22 17:04:11', '2021-04-22 17:04:11'),
(187, 'Uzbekistani', '2021-04-22 17:04:11', '2021-04-22 17:04:11'),
(188, 'Venezuelan', '2021-04-22 17:04:11', '2021-04-22 17:04:11'),
(189, 'Vietnamese', '2021-04-22 17:04:12', '2021-04-22 17:04:12'),
(190, 'Welsh', '2021-04-22 17:04:12', '2021-04-22 17:04:12'),
(191, 'Yemenite', '2021-04-22 17:04:12', '2021-04-22 17:04:12'),
(192, 'Zambian', '2021-04-22 17:04:12', '2021-04-22 17:04:12'),
(193, 'Zimbabwean', '2021-04-22 17:04:13', '2021-04-22 17:04:13');

-- --------------------------------------------------------

--
-- Table structure for table `password_resets`
--

CREATE TABLE `password_resets` (
  `email` varchar(100) COLLATE utf8mb4_unicode_ci NOT NULL,
  `token` varchar(255) COLLATE utf8mb4_unicode_ci NOT NULL,
  `created_at` timestamp NULL DEFAULT NULL
) ENGINE=InnoDB DEFAULT CHARSET=utf8mb4 COLLATE=utf8mb4_unicode_ci;

-- --------------------------------------------------------

--
-- Table structure for table `payments`
--

CREATE TABLE `payments` (
  `id` int(10) UNSIGNED NOT NULL,
  `title` varchar(100) COLLATE utf8mb4_unicode_ci NOT NULL,
  `amount` int(11) NOT NULL,
  `ref_no` varchar(100) COLLATE utf8mb4_unicode_ci NOT NULL,
  `method` varchar(100) COLLATE utf8mb4_unicode_ci NOT NULL DEFAULT 'cash',
  `my_class_id` int(10) UNSIGNED DEFAULT NULL,
  `description` varchar(255) COLLATE utf8mb4_unicode_ci DEFAULT NULL,
  `year` varchar(255) COLLATE utf8mb4_unicode_ci NOT NULL,
  `created_at` timestamp NULL DEFAULT NULL,
  `updated_at` timestamp NULL DEFAULT NULL
) ENGINE=InnoDB DEFAULT CHARSET=utf8mb4 COLLATE=utf8mb4_unicode_ci;

-- --------------------------------------------------------

--
-- Table structure for table `payment_records`
--

CREATE TABLE `payment_records` (
  `id` int(10) UNSIGNED NOT NULL,
  `payment_id` int(10) UNSIGNED NOT NULL,
  `student_id` int(10) UNSIGNED NOT NULL,
  `ref_no` varchar(100) COLLATE utf8mb4_unicode_ci DEFAULT NULL,
  `amt_paid` int(11) DEFAULT NULL,
  `balance` int(11) DEFAULT NULL,
  `paid` tinyint(4) NOT NULL DEFAULT 0,
  `year` varchar(255) COLLATE utf8mb4_unicode_ci NOT NULL,
  `created_at` timestamp NULL DEFAULT NULL,
  `updated_at` timestamp NULL DEFAULT NULL
) ENGINE=InnoDB DEFAULT CHARSET=utf8mb4 COLLATE=utf8mb4_unicode_ci;

-- --------------------------------------------------------

--
-- Table structure for table `pins`
--

CREATE TABLE `pins` (
  `id` int(10) UNSIGNED NOT NULL,
  `code` varchar(40) COLLATE utf8mb4_unicode_ci NOT NULL,
  `used` varchar(255) COLLATE utf8mb4_unicode_ci NOT NULL DEFAULT '0',
  `times_used` varchar(255) COLLATE utf8mb4_unicode_ci NOT NULL DEFAULT '0',
  `user_id` int(10) UNSIGNED DEFAULT NULL,
  `student_id` int(10) UNSIGNED DEFAULT NULL,
  `created_at` timestamp NULL DEFAULT NULL,
  `updated_at` timestamp NULL DEFAULT NULL
) ENGINE=InnoDB DEFAULT CHARSET=utf8mb4 COLLATE=utf8mb4_unicode_ci;

-- --------------------------------------------------------

--
-- Table structure for table `promotions`
--

CREATE TABLE `promotions` (
  `id` int(10) UNSIGNED NOT NULL,
  `student_id` int(10) UNSIGNED NOT NULL,
  `from_class` int(10) UNSIGNED NOT NULL,
  `from_section` int(10) UNSIGNED NOT NULL,
  `to_class` int(10) UNSIGNED NOT NULL,
  `to_section` int(10) UNSIGNED NOT NULL,
  `grad` tinyint(4) NOT NULL,
  `from_session` varchar(255) COLLATE utf8mb4_unicode_ci NOT NULL,
  `to_session` varchar(255) COLLATE utf8mb4_unicode_ci NOT NULL,
  `status` varchar(255) COLLATE utf8mb4_unicode_ci NOT NULL,
  `created_at` timestamp NULL DEFAULT NULL,
  `updated_at` timestamp NULL DEFAULT NULL
) ENGINE=InnoDB DEFAULT CHARSET=utf8mb4 COLLATE=utf8mb4_unicode_ci;

-- --------------------------------------------------------

--
-- Table structure for table `receipts`
--

CREATE TABLE `receipts` (
  `id` int(10) UNSIGNED NOT NULL,
  `pr_id` int(10) UNSIGNED NOT NULL,
  `amt_paid` int(11) NOT NULL,
  `balance` int(11) NOT NULL,
  `year` varchar(255) COLLATE utf8mb4_unicode_ci NOT NULL,
  `created_at` timestamp NULL DEFAULT NULL,
  `updated_at` timestamp NULL DEFAULT NULL
) ENGINE=InnoDB DEFAULT CHARSET=utf8mb4 COLLATE=utf8mb4_unicode_ci;

-- --------------------------------------------------------

--
-- Table structure for table `sections`
--

CREATE TABLE `sections` (
  `id` int(10) UNSIGNED NOT NULL,
  `name` varchar(100) COLLATE utf8mb4_unicode_ci NOT NULL,
  `my_class_id` int(10) UNSIGNED NOT NULL,
  `teacher_id` int(10) UNSIGNED DEFAULT NULL,
  `active` tinyint(4) NOT NULL DEFAULT 0,
  `created_at` timestamp NULL DEFAULT NULL,
  `updated_at` timestamp NULL DEFAULT NULL
) ENGINE=InnoDB DEFAULT CHARSET=utf8mb4 COLLATE=utf8mb4_unicode_ci;

--
-- Dumping data for table `sections`
--

INSERT INTO `sections` (`id`, `name`, `my_class_id`, `teacher_id`, `active`, `created_at`, `updated_at`) VALUES
(1, 'Gold', 1, NULL, 1, NULL, NULL),
(2, 'Diamond', 1, NULL, 0, NULL, NULL),
(3, 'Silver', 2, NULL, 1, NULL, NULL),
(4, 'Lemon', 2, NULL, 0, NULL, NULL),
(5, 'Bronze', 3, NULL, 1, NULL, NULL),
(6, 'Silver', 4, NULL, 1, NULL, NULL),
(7, 'Diamond', 5, NULL, 1, NULL, NULL),
(8, 'Blue', 6, NULL, 1, NULL, NULL);

-- --------------------------------------------------------

--
-- Table structure for table `settings`
--

CREATE TABLE `settings` (
  `id` int(10) UNSIGNED NOT NULL,
  `type` varchar(255) COLLATE utf8mb4_unicode_ci NOT NULL,
  `description` varchar(255) COLLATE utf8mb4_unicode_ci DEFAULT NULL,
  `created_at` timestamp NULL DEFAULT NULL,
  `updated_at` timestamp NULL DEFAULT NULL
) ENGINE=InnoDB DEFAULT CHARSET=utf8mb4 COLLATE=utf8mb4_unicode_ci;

--
-- Dumping data for table `settings`
--

INSERT INTO `settings` (`id`, `type`, `description`, `created_at`, `updated_at`) VALUES
(1, 'current_session', '2018-2019', NULL, NULL),
(2, 'system_title', 'CJIA', NULL, NULL),
(3, 'system_name', 'CJ INSPIRED ACADEMY', NULL, NULL),
(4, 'term_ends', '7/10/2018', NULL, NULL),
(5, 'term_begins', '7/10/2018', NULL, NULL),
(6, 'phone', '', NULL, NULL),
(7, 'address', '', NULL, NULL),
(8, 'system_email', '', NULL, NULL),
(9, 'alt_email', '', NULL, NULL),
(10, 'email_host', '', NULL, NULL),
(11, 'email_pass', '', NULL, NULL),
(12, 'lock_exam', '0', NULL, NULL),
(13, 'logo', '', NULL, NULL),
(14, 'next_term_fees_j', '20000', NULL, NULL),
(15, 'next_term_fees_pn', '25000', NULL, NULL),
(16, 'next_term_fees_p', '25000', NULL, NULL),
(17, 'next_term_fees_n', '25600', NULL, NULL),
(18, 'next_term_fees_s', '15600', NULL, NULL),
(19, 'next_term_fees_c', '1600', NULL, NULL);

-- --------------------------------------------------------

--
-- Table structure for table `skills`
--

CREATE TABLE `skills` (
  `id` int(10) UNSIGNED NOT NULL,
  `name` varchar(255) COLLATE utf8mb4_unicode_ci NOT NULL,
  `skill_type` varchar(255) COLLATE utf8mb4_unicode_ci NOT NULL,
  `class_type` varchar(255) COLLATE utf8mb4_unicode_ci DEFAULT NULL,
  `created_at` timestamp NULL DEFAULT NULL,
  `updated_at` timestamp NULL DEFAULT NULL
) ENGINE=InnoDB DEFAULT CHARSET=utf8mb4 COLLATE=utf8mb4_unicode_ci;

-- --------------------------------------------------------

--
-- Table structure for table `staff_records`
--

CREATE TABLE `staff_records` (
  `id` int(10) UNSIGNED NOT NULL,
  `user_id` int(10) UNSIGNED NOT NULL,
  `code` varchar(100) COLLATE utf8mb4_unicode_ci DEFAULT NULL,
  `emp_date` varchar(255) COLLATE utf8mb4_unicode_ci DEFAULT NULL,
  `created_at` timestamp NULL DEFAULT NULL,
  `updated_at` timestamp NULL DEFAULT NULL
) ENGINE=InnoDB DEFAULT CHARSET=utf8mb4 COLLATE=utf8mb4_unicode_ci;

-- --------------------------------------------------------

--
-- Table structure for table `states`
--

CREATE TABLE `states` (
  `id` int(10) UNSIGNED NOT NULL,
  `name` varchar(255) COLLATE utf8mb4_unicode_ci NOT NULL,
  `created_at` timestamp NULL DEFAULT NULL,
  `updated_at` timestamp NULL DEFAULT NULL
) ENGINE=InnoDB DEFAULT CHARSET=utf8mb4 COLLATE=utf8mb4_unicode_ci;

--
-- Dumping data for table `states`
--

INSERT INTO `states` (`id`, `name`, `created_at`, `updated_at`) VALUES
(1, 'Abia', '2021-04-22 17:04:13', '2021-04-22 17:04:13'),
(2, 'Adamawa', '2021-04-22 17:04:14', '2021-04-22 17:04:14'),
(3, 'Akwa Ibom', '2021-04-22 17:04:14', '2021-04-22 17:04:14'),
(4, 'Anambra', '2021-04-22 17:04:15', '2021-04-22 17:04:15'),
(5, 'Bauchi', '2021-04-22 17:04:15', '2021-04-22 17:04:15'),
(6, 'Bayelsa', '2021-04-22 17:04:15', '2021-04-22 17:04:15'),
(7, 'Benue', '2021-04-22 17:04:16', '2021-04-22 17:04:16'),
(8, 'Borno', '2021-04-22 17:04:16', '2021-04-22 17:04:16'),
(9, 'Cross River', '2021-04-22 17:04:16', '2021-04-22 17:04:16'),
(10, 'Delta', '2021-04-22 17:04:16', '2021-04-22 17:04:16'),
(11, 'Ebonyi', '2021-04-22 17:04:17', '2021-04-22 17:04:17'),
(12, 'Edo', '2021-04-22 17:04:17', '2021-04-22 17:04:17'),
(13, 'Ekiti', '2021-04-22 17:04:17', '2021-04-22 17:04:17'),
(14, 'Enugu', '2021-04-22 17:04:17', '2021-04-22 17:04:17'),
(15, 'FCT', '2021-04-22 17:04:18', '2021-04-22 17:04:18'),
(16, 'Gombe', '2021-04-22 17:04:18', '2021-04-22 17:04:18'),
(17, 'Imo', '2021-04-22 17:04:18', '2021-04-22 17:04:18'),
(18, 'Jigawa', '2021-04-22 17:04:18', '2021-04-22 17:04:18'),
(19, 'Kaduna', '2021-04-22 17:04:18', '2021-04-22 17:04:18'),
(20, 'Kano', '2021-04-22 17:04:19', '2021-04-22 17:04:19'),
(21, 'Katsina', '2021-04-22 17:04:19', '2021-04-22 17:04:19'),
(22, 'Kebbi', '2021-04-22 17:04:19', '2021-04-22 17:04:19'),
(23, 'Kogi', '2021-04-22 17:04:20', '2021-04-22 17:04:20'),
(24, 'Kwara', '2021-04-22 17:04:20', '2021-04-22 17:04:20'),
(25, 'Lagos', '2021-04-22 17:04:20', '2021-04-22 17:04:20'),
(26, 'Nasarawa', '2021-04-22 17:04:20', '2021-04-22 17:04:20'),
(27, 'Niger', '2021-04-22 17:04:21', '2021-04-22 17:04:21'),
(28, 'Ogun', '2021-04-22 17:04:21', '2021-04-22 17:04:21'),
(29, 'Ondo', '2021-04-22 17:04:21', '2021-04-22 17:04:21'),
(30, 'Osun', '2021-04-22 17:04:21', '2021-04-22 17:04:21'),
(31, 'Oyo', '2021-04-22 17:04:22', '2021-04-22 17:04:22'),
(32, 'Plateau', '2021-04-22 17:04:22', '2021-04-22 17:04:22'),
(33, 'Rivers', '2021-04-22 17:04:22', '2021-04-22 17:04:22'),
(34, 'Sokoto', '2021-04-22 17:04:22', '2021-04-22 17:04:22'),
(35, 'Taraba', '2021-04-22 17:04:22', '2021-04-22 17:04:22'),
(36, 'Yobe', '2021-04-22 17:04:23', '2021-04-22 17:04:23'),
(37, 'Zamfara', '2021-04-22 17:04:23', '2021-04-22 17:04:23');

-- --------------------------------------------------------

--
-- Table structure for table `student_records`
--

CREATE TABLE `student_records` (
  `id` int(10) UNSIGNED NOT NULL,
  `user_id` int(10) UNSIGNED NOT NULL,
  `my_class_id` int(10) UNSIGNED NOT NULL,
  `section_id` int(10) UNSIGNED NOT NULL,
  `adm_no` varchar(30) COLLATE utf8mb4_unicode_ci DEFAULT NULL,
  `my_parent_id` int(10) UNSIGNED DEFAULT NULL,
  `dorm_id` int(10) UNSIGNED DEFAULT NULL,
  `dorm_room_no` varchar(255) COLLATE utf8mb4_unicode_ci DEFAULT NULL,
  `session` varchar(255) COLLATE utf8mb4_unicode_ci NOT NULL,
  `house` varchar(255) COLLATE utf8mb4_unicode_ci DEFAULT NULL,
  `age` tinyint(4) DEFAULT NULL,
  `year_admitted` varchar(255) COLLATE utf8mb4_unicode_ci DEFAULT NULL,
  `grad` tinyint(4) NOT NULL DEFAULT 0,
  `grad_date` varchar(255) COLLATE utf8mb4_unicode_ci DEFAULT NULL,
  `created_at` timestamp NULL DEFAULT NULL,
  `updated_at` timestamp NULL DEFAULT NULL
) ENGINE=InnoDB DEFAULT CHARSET=utf8mb4 COLLATE=utf8mb4_unicode_ci;

--
-- Dumping data for table `student_records`
--

INSERT INTO `student_records` (`id`, `user_id`, `my_class_id`, `section_id`, `adm_no`, `my_parent_id`, `dorm_id`, `dorm_room_no`, `session`, `house`, `age`, `year_admitted`, `grad`, `grad_date`, `created_at`, `updated_at`) VALUES
(1, 18, 1, 1, NULL, NULL, NULL, NULL, '2018-2019', NULL, NULL, NULL, 0, NULL, '2021-04-22 17:09:12', '2021-04-22 17:09:12'),
(2, 19, 1, 1, NULL, NULL, NULL, NULL, '2018-2019', NULL, NULL, NULL, 0, NULL, '2021-04-22 17:09:14', '2021-04-22 17:09:14'),
(3, 20, 1, 1, NULL, NULL, NULL, NULL, '2018-2019', NULL, NULL, NULL, 0, NULL, '2021-04-22 17:09:16', '2021-04-22 17:09:16'),
(4, 21, 1, 1, NULL, NULL, NULL, NULL, '2018-2019', NULL, NULL, NULL, 0, NULL, '2021-04-22 17:09:16', '2021-04-22 17:09:16'),
(5, 22, 1, 2, NULL, NULL, NULL, NULL, '2018-2019', NULL, NULL, NULL, 0, NULL, '2021-04-22 17:09:18', '2021-04-22 17:09:18'),
(6, 23, 1, 2, NULL, NULL, NULL, NULL, '2018-2019', NULL, NULL, NULL, 0, NULL, '2021-04-22 17:09:18', '2021-04-22 17:09:18'),
(7, 24, 1, 2, NULL, NULL, NULL, NULL, '2018-2019', NULL, NULL, NULL, 0, NULL, '2021-04-22 17:09:19', '2021-04-22 17:09:19'),
(8, 25, 2, 3, NULL, NULL, NULL, NULL, '2018-2019', NULL, NULL, NULL, 0, NULL, '2021-04-22 17:09:20', '2021-04-22 17:09:20'),
(9, 26, 2, 3, NULL, NULL, NULL, NULL, '2018-2019', NULL, NULL, NULL, 0, NULL, '2021-04-22 17:09:20', '2021-04-22 17:09:20'),
(10, 27, 2, 3, NULL, NULL, NULL, NULL, '2018-2019', NULL, NULL, NULL, 0, NULL, '2021-04-22 17:09:21', '2021-04-22 17:09:21'),
(11, 28, 2, 4, NULL, NULL, NULL, NULL, '2018-2019', NULL, NULL, NULL, 0, NULL, '2021-04-22 17:09:22', '2021-04-22 17:09:22'),
(12, 29, 2, 4, NULL, NULL, NULL, NULL, '2018-2019', NULL, NULL, NULL, 0, NULL, '2021-04-22 17:09:22', '2021-04-22 17:09:22'),
(13, 30, 2, 4, NULL, NULL, NULL, NULL, '2018-2019', NULL, NULL, NULL, 0, NULL, '2021-04-22 17:09:23', '2021-04-22 17:09:23'),
(14, 31, 3, 5, NULL, NULL, NULL, NULL, '2018-2019', NULL, NULL, NULL, 0, NULL, '2021-04-22 17:09:24', '2021-04-22 17:09:24'),
(15, 32, 3, 5, NULL, NULL, NULL, NULL, '2018-2019', NULL, NULL, NULL, 0, NULL, '2021-04-22 17:09:24', '2021-04-22 17:09:24'),
(16, 33, 3, 5, NULL, NULL, NULL, NULL, '2018-2019', NULL, NULL, NULL, 0, NULL, '2021-04-22 17:09:25', '2021-04-22 17:09:25'),
(17, 34, 4, 6, NULL, NULL, NULL, NULL, '2018-2019', NULL, NULL, NULL, 0, NULL, '2021-04-22 17:09:26', '2021-04-22 17:09:26'),
(18, 35, 4, 6, NULL, NULL, NULL, NULL, '2018-2019', NULL, NULL, NULL, 0, NULL, '2021-04-22 17:09:26', '2021-04-22 17:09:26'),
(19, 36, 4, 6, NULL, NULL, NULL, NULL, '2018-2019', NULL, NULL, NULL, 0, NULL, '2021-04-22 17:09:26', '2021-04-22 17:09:26'),
(20, 37, 5, 7, NULL, NULL, NULL, NULL, '2018-2019', NULL, NULL, NULL, 0, NULL, '2021-04-22 17:09:28', '2021-04-22 17:09:28'),
(21, 38, 5, 7, NULL, NULL, NULL, NULL, '2018-2019', NULL, NULL, NULL, 0, NULL, '2021-04-22 17:09:28', '2021-04-22 17:09:28'),
(22, 39, 5, 7, NULL, NULL, NULL, NULL, '2018-2019', NULL, NULL, NULL, 0, NULL, '2021-04-22 17:09:29', '2021-04-22 17:09:29'),
(23, 40, 6, 8, NULL, NULL, NULL, NULL, '2018-2019', NULL, NULL, NULL, 0, NULL, '2021-04-22 17:09:30', '2021-04-22 17:09:30'),
(24, 41, 6, 8, NULL, NULL, NULL, NULL, '2018-2019', NULL, NULL, NULL, 0, NULL, '2021-04-22 17:09:31', '2021-04-22 17:09:31'),
(25, 42, 6, 8, NULL, NULL, NULL, NULL, '2018-2019', NULL, NULL, NULL, 0, NULL, '2021-04-22 17:09:31', '2021-04-22 17:09:31');

-- --------------------------------------------------------

--
-- Table structure for table `subjects`
--

CREATE TABLE `subjects` (
  `id` int(10) UNSIGNED NOT NULL,
  `name` varchar(100) COLLATE utf8mb4_unicode_ci NOT NULL,
  `slug` varchar(100) COLLATE utf8mb4_unicode_ci NOT NULL,
  `my_class_id` int(10) UNSIGNED NOT NULL,
  `teacher_id` int(10) UNSIGNED NOT NULL,
  `created_at` timestamp NULL DEFAULT NULL,
  `updated_at` timestamp NULL DEFAULT NULL
) ENGINE=InnoDB DEFAULT CHARSET=utf8mb4 COLLATE=utf8mb4_unicode_ci;

-- --------------------------------------------------------

--
-- Table structure for table `time_slots`
--

CREATE TABLE `time_slots` (
  `id` int(10) UNSIGNED NOT NULL,
  `ttr_id` int(10) UNSIGNED NOT NULL,
  `hour_from` tinyint(4) NOT NULL,
  `min_from` varchar(2) COLLATE utf8mb4_unicode_ci NOT NULL,
  `meridian_from` varchar(2) COLLATE utf8mb4_unicode_ci NOT NULL,
  `hour_to` tinyint(4) NOT NULL,
  `min_to` varchar(2) COLLATE utf8mb4_unicode_ci NOT NULL,
  `meridian_to` varchar(2) COLLATE utf8mb4_unicode_ci NOT NULL,
  `time_from` varchar(100) COLLATE utf8mb4_unicode_ci NOT NULL,
  `time_to` varchar(100) COLLATE utf8mb4_unicode_ci NOT NULL,
  `timestamp_from` varchar(50) COLLATE utf8mb4_unicode_ci NOT NULL,
  `timestamp_to` varchar(50) COLLATE utf8mb4_unicode_ci NOT NULL,
  `full` varchar(100) COLLATE utf8mb4_unicode_ci NOT NULL,
  `created_at` timestamp NULL DEFAULT NULL,
  `updated_at` timestamp NULL DEFAULT NULL
) ENGINE=InnoDB DEFAULT CHARSET=utf8mb4 COLLATE=utf8mb4_unicode_ci;

-- --------------------------------------------------------

--
-- Table structure for table `time_tables`
--

CREATE TABLE `time_tables` (
  `id` int(10) UNSIGNED NOT NULL,
  `ttr_id` int(10) UNSIGNED NOT NULL,
  `ts_id` int(10) UNSIGNED NOT NULL,
  `subject_id` int(10) UNSIGNED DEFAULT NULL,
  `exam_date` varchar(50) COLLATE utf8mb4_unicode_ci DEFAULT NULL,
  `timestamp_from` varchar(100) COLLATE utf8mb4_unicode_ci NOT NULL,
  `timestamp_to` varchar(100) COLLATE utf8mb4_unicode_ci NOT NULL,
  `day` varchar(50) COLLATE utf8mb4_unicode_ci DEFAULT NULL,
  `day_num` tinyint(4) DEFAULT NULL,
  `created_at` timestamp NULL DEFAULT NULL,
  `updated_at` timestamp NULL DEFAULT NULL
) ENGINE=InnoDB DEFAULT CHARSET=utf8mb4 COLLATE=utf8mb4_unicode_ci;

-- --------------------------------------------------------

--
-- Table structure for table `time_table_records`
--

CREATE TABLE `time_table_records` (
  `id` int(10) UNSIGNED NOT NULL,
  `name` varchar(100) COLLATE utf8mb4_unicode_ci NOT NULL,
  `my_class_id` int(10) UNSIGNED NOT NULL,
  `exam_id` int(10) UNSIGNED DEFAULT NULL,
  `year` varchar(100) COLLATE utf8mb4_unicode_ci NOT NULL,
  `created_at` timestamp NULL DEFAULT NULL,
  `updated_at` timestamp NULL DEFAULT NULL
) ENGINE=InnoDB DEFAULT CHARSET=utf8mb4 COLLATE=utf8mb4_unicode_ci;

-- --------------------------------------------------------

--
-- Table structure for table `users`
--

CREATE TABLE `users` (
  `id` int(10) UNSIGNED NOT NULL,
  `name` varchar(255) COLLATE utf8mb4_unicode_ci NOT NULL,
  `email` varchar(100) COLLATE utf8mb4_unicode_ci DEFAULT NULL,
  `code` varchar(100) COLLATE utf8mb4_unicode_ci NOT NULL,
  `username` varchar(100) COLLATE utf8mb4_unicode_ci DEFAULT NULL,
  `user_type` varchar(255) COLLATE utf8mb4_unicode_ci NOT NULL,
  `dob` varchar(255) COLLATE utf8mb4_unicode_ci DEFAULT NULL,
  `gender` varchar(255) COLLATE utf8mb4_unicode_ci DEFAULT NULL,
  `photo` varchar(255) COLLATE utf8mb4_unicode_ci NOT NULL DEFAULT 'http://localhost/global_assets/images/user.png',
  `phone` varchar(255) COLLATE utf8mb4_unicode_ci DEFAULT NULL,
  `phone2` varchar(255) COLLATE utf8mb4_unicode_ci DEFAULT NULL,
  `bg_id` int(10) UNSIGNED DEFAULT NULL,
  `state_id` int(10) UNSIGNED DEFAULT NULL,
  `lga_id` int(10) UNSIGNED DEFAULT NULL,
  `nal_id` int(10) UNSIGNED DEFAULT NULL,
  `address` varchar(255) COLLATE utf8mb4_unicode_ci DEFAULT NULL,
  `email_verified_at` timestamp NULL DEFAULT NULL,
  `password` varchar(255) COLLATE utf8mb4_unicode_ci NOT NULL,
  `remember_token` varchar(100) COLLATE utf8mb4_unicode_ci DEFAULT NULL,
  `created_at` timestamp NULL DEFAULT NULL,
  `updated_at` timestamp NULL DEFAULT NULL
) ENGINE=InnoDB DEFAULT CHARSET=utf8mb4 COLLATE=utf8mb4_unicode_ci;

--
-- Dumping data for table `users`
--

INSERT INTO `users` (`id`, `name`, `email`, `code`, `username`, `user_type`, `dob`, `gender`, `photo`, `phone`, `phone2`, `bg_id`, `state_id`, `lga_id`, `nal_id`, `address`, `email_verified_at`, `password`, `remember_token`, `created_at`, `updated_at`) VALUES
(1, 'CJ Inspired', 'cj@cj.com', 'PJWCBYGGMB', 'cj', 'super_admin', NULL, NULL, 'http://localhost/global_assets/images/user.png', NULL, NULL, NULL, NULL, NULL, NULL, NULL, NULL, '$2y$10$WaarUbu2J//B5R16Rcj6z.pfFclUEj6s3Hs162n3QLxtVVLkPCq/a', 'nw2xpJUAUbljjGxG6U80QMOwC1r88HqFm7glgJFLYNN9HjClGkvLLkcv1kUr', NULL, NULL),
(2, 'Admin KORA', 'admin@admin.com', 'M0RSN4AKZB', 'admin', 'admin', NULL, NULL, 'http://localhost/global_assets/images/user.png', NULL, NULL, NULL, NULL, NULL, NULL, NULL, NULL, '$2y$10$WaarUbu2J//B5R16Rcj6z.pfFclUEj6s3Hs162n3QLxtVVLkPCq/a', 'r57glFGbM5', NULL, NULL),
(3, 'Teacher Chike', 'teacher@teacher.com', 'HTWTW2LAMZ', 'teacher', 'teacher', NULL, NULL, 'http://localhost/global_assets/images/user.png', NULL, NULL, NULL, NULL, NULL, NULL, NULL, NULL, '$2y$10$WaarUbu2J//B5R16Rcj6z.pfFclUEj6s3Hs162n3QLxtVVLkPCq/a', 'vB4ejdWkLT', NULL, NULL),
(4, 'Parent Kaba', 'parent@parent.com', 'JXITGAZ4JE', 'parent', 'parent', NULL, NULL, 'http://localhost/global_assets/images/user.png', NULL, NULL, NULL, NULL, NULL, NULL, NULL, NULL, '$2y$10$WaarUbu2J//B5R16Rcj6z.pfFclUEj6s3Hs162n3QLxtVVLkPCq/a', '5BM0Lu5ZCz', NULL, NULL),
(5, 'Accountant Jeff', 'accountant@accountant.com', 'XSUWBWBZ5X', 'accountant', 'accountant', NULL, NULL, 'http://localhost/global_assets/images/user.png', NULL, NULL, NULL, NULL, NULL, NULL, NULL, NULL, '$2y$10$WaarUbu2J//B5R16Rcj6z.pfFclUEj6s3Hs162n3QLxtVVLkPCq/a', 'Jpmapmq7Yr', NULL, NULL),
(6, 'Admin 1', 'admin1@admin.com', 'GGUAJCTBBO', 'admin1', 'admin', NULL, NULL, 'http://localhost/global_assets/images/user.png', NULL, NULL, NULL, NULL, NULL, NULL, NULL, NULL, '$2y$10$hS2DxPvCr7DxDjT0QI7V/u6d6WRd3JEMlQNA3l/UTOpzqgRRkl1/W', 'Xki702fbhQ', NULL, NULL),
(7, 'Teacher 1', 'teacher1@teacher.com', 'SWAI7EVRBM', 'teacher1', 'teacher', NULL, NULL, 'http://localhost/global_assets/images/user.png', NULL, NULL, NULL, NULL, NULL, NULL, NULL, NULL, '$2y$10$SZb34GtZYUBRPcyGo16Rmuc9fwcZAukfwKIUSighW1/a0CuAyaSa6', 'q5sBnpCQfv', NULL, NULL),
(8, 'Accountant 1', 'accountant1@accountant.com', 'GHVIX6STVV', 'accountant1', 'accountant', NULL, NULL, 'http://localhost/global_assets/images/user.png', NULL, NULL, NULL, NULL, NULL, NULL, NULL, NULL, '$2y$10$dgbzNmYf6BntQ9XAacnsfeREgyinPuydOfxxjyolQUotj4MdrysaG', 'kK2U76m8Zw', NULL, NULL),
(9, 'Parent 1', 'parent1@parent.com', 'HKFJ7NZ5QA', 'parent1', 'parent', NULL, NULL, 'http://localhost/global_assets/images/user.png', NULL, NULL, NULL, NULL, NULL, NULL, NULL, NULL, '$2y$10$dDc2J.0NQ8/ZHI8W719UL.4d.GnCrNMKWz88DVIcz3hrLimSBvf16', 'W4XPCGtPTE', NULL, NULL),
(10, 'Admin 2', 'admin2@admin.com', 'SPEZX4KBZI', 'admin2', 'admin', NULL, NULL, 'http://localhost/global_assets/images/user.png', NULL, NULL, NULL, NULL, NULL, NULL, NULL, NULL, '$2y$10$fpu1JWHYI4h4vnBko5b.MeDeQf.9S6sB6umvWIcXoP41SX/jKfv7e', 'tyQTzJl3GT', NULL, NULL),
(11, 'Teacher 2', 'teacher2@teacher.com', 'KUQS0M4CB4', 'teacher2', 'teacher', NULL, NULL, 'http://localhost/global_assets/images/user.png', NULL, NULL, NULL, NULL, NULL, NULL, NULL, NULL, '$2y$10$u8g96ZfnL6FfSATAAfageeU5fG3rDeE3QR0CS9rMo/jJjko400Jp2', 'aGITPqCEqF', NULL, NULL),
(12, 'Accountant 2', 'accountant2@accountant.com', 'F4ZNKAO7IC', 'accountant2', 'accountant', NULL, NULL, 'http://localhost/global_assets/images/user.png', NULL, NULL, NULL, NULL, NULL, NULL, NULL, NULL, '$2y$10$ePTWcPwjOaIulMCEFqchI.1E3QPPdUCS41/tuEvNTB9vYUZ9UUPKy', 'jDDER8uyds', NULL, NULL),
(13, 'Parent 2', 'parent2@parent.com', 'IEFS7RFH0L', 'parent2', 'parent', NULL, NULL, 'http://localhost/global_assets/images/user.png', NULL, NULL, NULL, NULL, NULL, NULL, NULL, NULL, '$2y$10$tZNUE8cWQr5Q4GsQReqVhejGEXjn/EuFsNmvxAP.pqhD75xyf2eiG', '2dev1DfIdp', NULL, NULL),
(14, 'Admin 3', 'admin3@admin.com', 'J0PJR6A4EB', 'admin3', 'admin', NULL, NULL, 'http://localhost/global_assets/images/user.png', NULL, NULL, NULL, NULL, NULL, NULL, NULL, NULL, '$2y$10$uImhyjQodBHevxqtbY1zF.lx3wD6uuoFq179PwL6oLtbYo/LLAlFW', 'tMwIxXTTH2', NULL, NULL),
(15, 'Teacher 3', 'teacher3@teacher.com', 'GSMYEVVBLB', 'teacher3', 'teacher', NULL, NULL, 'http://localhost/global_assets/images/user.png', NULL, NULL, NULL, NULL, NULL, NULL, NULL, NULL, '$2y$10$P8oVpd6dYmOXxfXudY4SleLSULAXcm7xPolkpir4QSu3oNbFZML7i', 'HeFQKR2TgT', NULL, NULL),
(16, 'Accountant 3', 'accountant3@accountant.com', 'BXXAQ0D5T3', 'accountant3', 'accountant', NULL, NULL, 'http://localhost/global_assets/images/user.png', NULL, NULL, NULL, NULL, NULL, NULL, NULL, NULL, '$2y$10$kmINIoz2ahKECu4Hn1vw3.yuwKF0fFkUz4laj9X7Lmiwhb6pOln9W', 'cvuyE7bRO8', NULL, NULL),
(17, 'Parent 3', 'parent3@parent.com', 'HFLHBCTWKJ', 'parent3', 'parent', NULL, NULL, 'http://localhost/global_assets/images/user.png', NULL, NULL, NULL, NULL, NULL, NULL, NULL, NULL, '$2y$10$.kg3KRAL0dXazIsDXqY3m.DvvTKlOdEina/WmcljJRbtc/bBPYEaa', '0lgbpTegGp', NULL, NULL),
(18, 'Student CJ', 'student@student.com', 'BWV8Q9VJJ1', 'student', 'student', NULL, NULL, 'http://localhost/global_assets/images/user.png', NULL, NULL, NULL, NULL, NULL, NULL, NULL, NULL, '$2y$10$vziuxWY962sW0sP.b6dYYuLu7eQQs1RZh7TrPdAvZFZNIPjCvkvDq', '2h55NaHyzC', '2021-04-22 17:09:12', '2021-04-22 17:09:12'),
(19, 'Tanya Gottlieb Jr.', 'saige.hand@example.org', '8RHQNKKK2S', 'lwunsch', 'student', NULL, NULL, 'http://localhost/global_assets/images/user.png', NULL, NULL, NULL, NULL, NULL, NULL, NULL, NULL, '$2y$10$W1oFONDe8HDvv3qkYwx0MuNO8d.d84ozx4RqFNB5BgfqkGxesVqfi', 'QSEaLph87k', '2021-04-22 17:09:13', '2021-04-22 17:09:13'),
(20, 'Amalia Ledner', 'blanda.shana@example.net', 'NJ7YY0AGZX', 'nichole.wisozk', 'student', NULL, NULL, 'http://localhost/global_assets/images/user.png', NULL, NULL, NULL, NULL, NULL, NULL, NULL, NULL, '$2y$10$W1oFONDe8HDvv3qkYwx0MuNO8d.d84ozx4RqFNB5BgfqkGxesVqfi', 'xuH4IOE00h', '2021-04-22 17:09:15', '2021-04-22 17:09:15'),
(21, 'Rosina Walker', 'milan.skiles@example.com', 'X7KCXELD3P', 'guy.blanda', 'student', NULL, NULL, 'http://localhost/global_assets/images/user.png', NULL, NULL, NULL, NULL, NULL, NULL, NULL, NULL, '$2y$10$W1oFONDe8HDvv3qkYwx0MuNO8d.d84ozx4RqFNB5BgfqkGxesVqfi', '2KTez7bkNK', '2021-04-22 17:09:16', '2021-04-22 17:09:16'),
(22, 'Ms. Noemy McDermott', 'triston92@example.com', 'DLTXDW00LT', 'dashawn00', 'student', NULL, NULL, 'http://localhost/global_assets/images/user.png', NULL, NULL, NULL, NULL, NULL, NULL, NULL, NULL, '$2y$10$HZJdfJZmCOkv5qgtuINlXOEfsHRRuhn6thbW/ekqBb0iZgzdqOQfG', '8W9K5ZOOHi', '2021-04-22 17:09:17', '2021-04-22 17:09:17'),
(23, 'Angelita Kiehn', 'tromp.rae@example.com', 'XFIGNJOLZ0', 'dare.ola', 'student', NULL, NULL, 'http://localhost/global_assets/images/user.png', NULL, NULL, NULL, NULL, NULL, NULL, NULL, NULL, '$2y$10$HZJdfJZmCOkv5qgtuINlXOEfsHRRuhn6thbW/ekqBb0iZgzdqOQfG', 'DglMdlVapv', '2021-04-22 17:09:18', '2021-04-22 17:09:18'),
(24, 'Summer Johnson', 'lehner.jamison@example.org', '4Y700IRDIG', 'bogan.osbaldo', 'student', NULL, NULL, 'http://localhost/global_assets/images/user.png', NULL, NULL, NULL, NULL, NULL, NULL, NULL, NULL, '$2y$10$HZJdfJZmCOkv5qgtuINlXOEfsHRRuhn6thbW/ekqBb0iZgzdqOQfG', 'ic3Qe80dVQ', '2021-04-22 17:09:18', '2021-04-22 17:09:18'),
(25, 'Arlo Mayer MD', 'block.carmella@example.org', 'VM3S4HXN80', 'elias15', 'student', NULL, NULL, 'http://localhost/global_assets/images/user.png', NULL, NULL, NULL, NULL, NULL, NULL, NULL, NULL, '$2y$10$2uIYjtKq.VXLhcECm6NEgus/FI67BUKgQ96hGtzUZ1nZjX7GlGx/m', 'TccDYuSrSO', '2021-04-22 17:09:20', '2021-04-22 17:09:20'),
(26, 'Mrs. Ivory Bartell', 'xdonnelly@example.com', 'D1CWFM96MI', 'daniela.kling', 'student', NULL, NULL, 'http://localhost/global_assets/images/user.png', NULL, NULL, NULL, NULL, NULL, NULL, NULL, NULL, '$2y$10$2uIYjtKq.VXLhcECm6NEgus/FI67BUKgQ96hGtzUZ1nZjX7GlGx/m', 'ALVoqT6NP5', '2021-04-22 17:09:20', '2021-04-22 17:09:20'),
(27, 'Wilma Stehr Sr.', 'lea.russel@example.org', 'WBPLX21S81', 'klangosh', 'student', NULL, NULL, 'http://localhost/global_assets/images/user.png', NULL, NULL, NULL, NULL, NULL, NULL, NULL, NULL, '$2y$10$2uIYjtKq.VXLhcECm6NEgus/FI67BUKgQ96hGtzUZ1nZjX7GlGx/m', 'WYbZqBbu8Z', '2021-04-22 17:09:21', '2021-04-22 17:09:21'),
(28, 'Myrtice Langosh', 'bechtelar.mina@example.com', '0SSHCKKODT', 'hilpert.abelardo', 'student', NULL, NULL, 'http://localhost/global_assets/images/user.png', NULL, NULL, NULL, NULL, NULL, NULL, NULL, NULL, '$2y$10$LItzbgLwjx7gbLV45TCGeu2zR3Y.SqkbXsK1zTireQszQVDwpyw1a', 'cs4F4y4dHX', '2021-04-22 17:09:22', '2021-04-22 17:09:22'),
(29, 'Sigmund Runolfsson', 'ivon@example.com', 'TJ6YDSCORK', 'dicki.danyka', 'student', NULL, NULL, 'http://localhost/global_assets/images/user.png', NULL, NULL, NULL, NULL, NULL, NULL, NULL, NULL, '$2y$10$LItzbgLwjx7gbLV45TCGeu2zR3Y.SqkbXsK1zTireQszQVDwpyw1a', 'U2JC6k7jCK', '2021-04-22 17:09:22', '2021-04-22 17:09:22'),
(30, 'Laverne Kunze', 'pcorkery@example.org', '16DU87NAVQ', 'chet.olson', 'student', NULL, NULL, 'http://localhost/global_assets/images/user.png', NULL, NULL, NULL, NULL, NULL, NULL, NULL, NULL, '$2y$10$LItzbgLwjx7gbLV45TCGeu2zR3Y.SqkbXsK1zTireQszQVDwpyw1a', 'TAkM7XLR7l', '2021-04-22 17:09:23', '2021-04-22 17:09:23'),
(31, 'Dr. Dennis Kilback', 'roberto.cole@example.com', 'ZMHWYSSIEI', 'aditya.dietrich', 'student', NULL, NULL, 'http://localhost/global_assets/images/user.png', NULL, NULL, NULL, NULL, NULL, NULL, NULL, NULL, '$2y$10$nhvIApZAT6QPtQfNJgZt5.2PkBzYUmRAx0DpI48dk4NW6SWNnPFBO', 'xZ1QFVPtWi', '2021-04-22 17:09:24', '2021-04-22 17:09:24'),
(32, 'Giles Beer', 'gusikowski.noemy@example.org', '6RLPDS39YR', 'cassin.maud', 'student', NULL, NULL, 'http://localhost/global_assets/images/user.png', NULL, NULL, NULL, NULL, NULL, NULL, NULL, NULL, '$2y$10$nhvIApZAT6QPtQfNJgZt5.2PkBzYUmRAx0DpI48dk4NW6SWNnPFBO', 'Nnb2WZCB1z', '2021-04-22 17:09:24', '2021-04-22 17:09:24'),
(33, 'Reed Jerde Sr.', 'bradley44@example.org', 'I4FXLV7TOC', 'gkling', 'student', NULL, NULL, 'http://localhost/global_assets/images/user.png', NULL, NULL, NULL, NULL, NULL, NULL, NULL, NULL, '$2y$10$nhvIApZAT6QPtQfNJgZt5.2PkBzYUmRAx0DpI48dk4NW6SWNnPFBO', '8KooM1iiib', '2021-04-22 17:09:24', '2021-04-22 17:09:24'),
(34, 'Keven Hackett III', 'rsipes@example.net', 'IUIJHQVRB1', 'denesik.abigayle', 'student', NULL, NULL, 'http://localhost/global_assets/images/user.png', NULL, NULL, NULL, NULL, NULL, NULL, NULL, NULL, '$2y$10$.SCrCkTklyFTjwArqyHmD.9JEnTx5Xg00Qwm7liL.iKv/aLfMQ.ba', 'XtGFBe7RgK', '2021-04-22 17:09:25', '2021-04-22 17:09:25'),
(35, 'Tod Kozey', 'jazmin.wolf@example.com', '2PW41YHJCS', 'lcruickshank', 'student', NULL, NULL, 'http://localhost/global_assets/images/user.png', NULL, NULL, NULL, NULL, NULL, NULL, NULL, NULL, '$2y$10$.SCrCkTklyFTjwArqyHmD.9JEnTx5Xg00Qwm7liL.iKv/aLfMQ.ba', 'BU4IsO803M', '2021-04-22 17:09:26', '2021-04-22 17:09:26'),
(36, 'Johnathon Beahan PhD', 'cummings.mollie@example.net', 'DHP0VMCQ9W', 'mitchell.hollie', 'student', NULL, NULL, 'http://localhost/global_assets/images/user.png', NULL, NULL, NULL, NULL, NULL, NULL, NULL, NULL, '$2y$10$.SCrCkTklyFTjwArqyHmD.9JEnTx5Xg00Qwm7liL.iKv/aLfMQ.ba', 'PqjLgLxQOe', '2021-04-22 17:09:26', '2021-04-22 17:09:26'),
(37, 'Mr. Cristopher Nolan MD', 'jlarson@example.net', 'XTJVWTCKFW', 'janice.rempel', 'student', NULL, NULL, 'http://localhost/global_assets/images/user.png', NULL, NULL, NULL, NULL, NULL, NULL, NULL, NULL, '$2y$10$8Vsb.K/hiN/10mZdlVQIMeLCtzb3nnyekdZ9EYgpsxZbOCHc.gOii', 'MibJcVVyBH', '2021-04-22 17:09:27', '2021-04-22 17:09:27'),
(38, 'Bethany Beatty DVM', 'xrobel@example.org', 'SWQNJYRKAA', 'lucie79', 'student', NULL, NULL, 'http://localhost/global_assets/images/user.png', NULL, NULL, NULL, NULL, NULL, NULL, NULL, NULL, '$2y$10$8Vsb.K/hiN/10mZdlVQIMeLCtzb3nnyekdZ9EYgpsxZbOCHc.gOii', 'Ci4Qn1WZXy', '2021-04-22 17:09:28', '2021-04-22 17:09:28'),
(39, 'Ryleigh Schultz', 'marjory.nader@example.org', '6HYHGKMPYM', 'jessie60', 'student', NULL, NULL, 'http://localhost/global_assets/images/user.png', NULL, NULL, NULL, NULL, NULL, NULL, NULL, NULL, '$2y$10$8Vsb.K/hiN/10mZdlVQIMeLCtzb3nnyekdZ9EYgpsxZbOCHc.gOii', 'i3LPuVV2IE', '2021-04-22 17:09:28', '2021-04-22 17:09:28'),
(40, 'Ara Robel', 'bkirlin@example.net', 'RTTSH1SQVK', 'hroob', 'student', NULL, NULL, 'http://localhost/global_assets/images/user.png', NULL, NULL, NULL, NULL, NULL, NULL, NULL, NULL, '$2y$10$rw8argethHHtB1.VePJG5eqpEGFjDG0G/n9kYj/whKdSPlKYkC/Na', 'o1JqOOwtA1', '2021-04-22 17:09:30', '2021-04-22 17:09:30'),
(41, 'Yessenia Bechtelar', 'catharine03@example.net', 'LN2VBAJ4CJ', 'eduardo56', 'student', NULL, NULL, 'http://localhost/global_assets/images/user.png', NULL, NULL, NULL, NULL, NULL, NULL, NULL, NULL, '$2y$10$rw8argethHHtB1.VePJG5eqpEGFjDG0G/n9kYj/whKdSPlKYkC/Na', 'i51UWNs2mc', '2021-04-22 17:09:30', '2021-04-22 17:09:30'),
(42, 'Mr. Mack Morissette', 'moore.brock@example.net', 'PNASOFGCR4', 'koch.camren', 'student', NULL, NULL, 'http://localhost/global_assets/images/user.png', NULL, NULL, NULL, NULL, NULL, NULL, NULL, NULL, '$2y$10$rw8argethHHtB1.VePJG5eqpEGFjDG0G/n9kYj/whKdSPlKYkC/Na', 'GOsfr393aN', '2021-04-22 17:09:31', '2021-04-22 17:09:31');

-- --------------------------------------------------------

--
-- Table structure for table `user_types`
--

CREATE TABLE `user_types` (
  `id` int(10) UNSIGNED NOT NULL,
  `title` varchar(255) COLLATE utf8mb4_unicode_ci NOT NULL,
  `name` varchar(255) COLLATE utf8mb4_unicode_ci NOT NULL,
  `level` varchar(255) COLLATE utf8mb4_unicode_ci NOT NULL,
  `created_at` timestamp NULL DEFAULT NULL,
  `updated_at` timestamp NULL DEFAULT NULL
) ENGINE=InnoDB DEFAULT CHARSET=utf8mb4 COLLATE=utf8mb4_unicode_ci;

--
-- Dumping data for table `user_types`
--

INSERT INTO `user_types` (`id`, `title`, `name`, `level`, `created_at`, `updated_at`) VALUES
(1, 'accountant', 'Accountant', '5', NULL, NULL),
(2, 'parent', 'Parent', '4', NULL, NULL),
(3, 'teacher', 'Teacher', '3', NULL, NULL),
(4, 'admin', 'Admin', '2', NULL, NULL),
(5, 'super_admin', 'Super Admin', '1', NULL, NULL);

--
-- Indexes for dumped tables
--

--
-- Indexes for table `blood_groups`
--
ALTER TABLE `blood_groups`
  ADD PRIMARY KEY (`id`);

--
-- Indexes for table `books`
--
ALTER TABLE `books`
  ADD PRIMARY KEY (`id`),
  ADD KEY `books_my_class_id_foreign` (`my_class_id`);

--
-- Indexes for table `book_requests`
--
ALTER TABLE `book_requests`
  ADD PRIMARY KEY (`id`),
  ADD KEY `book_requests_book_id_foreign` (`book_id`),
  ADD KEY `book_requests_user_id_foreign` (`user_id`);

--
-- Indexes for table `class_types`
--
ALTER TABLE `class_types`
  ADD PRIMARY KEY (`id`);

--
-- Indexes for table `dorms`
--
ALTER TABLE `dorms`
  ADD PRIMARY KEY (`id`),
  ADD UNIQUE KEY `dorms_name_unique` (`name`);

--
-- Indexes for table `exams`
--
ALTER TABLE `exams`
  ADD PRIMARY KEY (`id`),
  ADD UNIQUE KEY `exams_term_year_unique` (`term`,`year`);

--
-- Indexes for table `exam_records`
--
ALTER TABLE `exam_records`
  ADD PRIMARY KEY (`id`),
  ADD KEY `exam_records_exam_id_foreign` (`exam_id`),
  ADD KEY `exam_records_my_class_id_foreign` (`my_class_id`),
  ADD KEY `exam_records_student_id_foreign` (`student_id`),
  ADD KEY `exam_records_section_id_foreign` (`section_id`);

--
-- Indexes for table `grades`
--
ALTER TABLE `grades`
  ADD PRIMARY KEY (`id`),
  ADD UNIQUE KEY `grades_name_class_type_id_remark_unique` (`name`,`class_type_id`,`remark`),
  ADD KEY `grades_class_type_id_foreign` (`class_type_id`);

--
-- Indexes for table `lgas`
--
ALTER TABLE `lgas`
  ADD PRIMARY KEY (`id`),
  ADD KEY `lgas_state_id_foreign` (`state_id`);

--
-- Indexes for table `marks`
--
ALTER TABLE `marks`
  ADD PRIMARY KEY (`id`),
  ADD KEY `marks_student_id_foreign` (`student_id`),
  ADD KEY `marks_my_class_id_foreign` (`my_class_id`),
  ADD KEY `marks_section_id_foreign` (`section_id`),
  ADD KEY `marks_subject_id_foreign` (`subject_id`),
  ADD KEY `marks_exam_id_foreign` (`exam_id`),
  ADD KEY `marks_grade_id_foreign` (`grade_id`);

--
-- Indexes for table `migrations`
--
ALTER TABLE `migrations`
  ADD PRIMARY KEY (`id`);

--
-- Indexes for table `my_classes`
--
ALTER TABLE `my_classes`
  ADD PRIMARY KEY (`id`),
  ADD UNIQUE KEY `my_classes_class_type_id_name_unique` (`class_type_id`,`name`);

--
-- Indexes for table `nationalities`
--
ALTER TABLE `nationalities`
  ADD PRIMARY KEY (`id`);

--
-- Indexes for table `password_resets`
--
ALTER TABLE `password_resets`
  ADD KEY `password_resets_email_index` (`email`);

--
-- Indexes for table `payments`
--
ALTER TABLE `payments`
  ADD PRIMARY KEY (`id`),
  ADD UNIQUE KEY `payments_ref_no_unique` (`ref_no`),
  ADD KEY `payments_my_class_id_foreign` (`my_class_id`);

--
-- Indexes for table `payment_records`
--
ALTER TABLE `payment_records`
  ADD PRIMARY KEY (`id`),
  ADD UNIQUE KEY `payment_records_ref_no_unique` (`ref_no`),
  ADD KEY `payment_records_payment_id_foreign` (`payment_id`),
  ADD KEY `payment_records_student_id_foreign` (`student_id`);

--
-- Indexes for table `pins`
--
ALTER TABLE `pins`
  ADD PRIMARY KEY (`id`),
  ADD UNIQUE KEY `pins_code_unique` (`code`),
  ADD KEY `pins_user_id_foreign` (`user_id`),
  ADD KEY `pins_student_id_foreign` (`student_id`);

--
-- Indexes for table `promotions`
--
ALTER TABLE `promotions`
  ADD PRIMARY KEY (`id`),
  ADD KEY `promotions_student_id_foreign` (`student_id`),
  ADD KEY `promotions_from_class_foreign` (`from_class`),
  ADD KEY `promotions_from_section_foreign` (`from_section`),
  ADD KEY `promotions_to_section_foreign` (`to_section`),
  ADD KEY `promotions_to_class_foreign` (`to_class`);

--
-- Indexes for table `receipts`
--
ALTER TABLE `receipts`
  ADD PRIMARY KEY (`id`),
  ADD KEY `receipts_pr_id_foreign` (`pr_id`);

--
-- Indexes for table `sections`
--
ALTER TABLE `sections`
  ADD PRIMARY KEY (`id`),
  ADD UNIQUE KEY `sections_name_my_class_id_unique` (`name`,`my_class_id`),
  ADD KEY `sections_my_class_id_foreign` (`my_class_id`),
  ADD KEY `sections_teacher_id_foreign` (`teacher_id`);

--
-- Indexes for table `settings`
--
ALTER TABLE `settings`
  ADD PRIMARY KEY (`id`);

--
-- Indexes for table `skills`
--
ALTER TABLE `skills`
  ADD PRIMARY KEY (`id`);

--
-- Indexes for table `staff_records`
--
ALTER TABLE `staff_records`
  ADD PRIMARY KEY (`id`),
  ADD UNIQUE KEY `staff_records_code_unique` (`code`),
  ADD KEY `staff_records_user_id_foreign` (`user_id`);

--
-- Indexes for table `states`
--
ALTER TABLE `states`
  ADD PRIMARY KEY (`id`);

--
-- Indexes for table `student_records`
--
ALTER TABLE `student_records`
  ADD PRIMARY KEY (`id`),
  ADD UNIQUE KEY `student_records_adm_no_unique` (`adm_no`),
  ADD KEY `student_records_user_id_foreign` (`user_id`),
  ADD KEY `student_records_my_class_id_foreign` (`my_class_id`),
  ADD KEY `student_records_section_id_foreign` (`section_id`),
  ADD KEY `student_records_my_parent_id_foreign` (`my_parent_id`),
  ADD KEY `student_records_dorm_id_foreign` (`dorm_id`);

--
-- Indexes for table `subjects`
--
ALTER TABLE `subjects`
  ADD PRIMARY KEY (`id`),
  ADD UNIQUE KEY `subjects_my_class_id_name_unique` (`my_class_id`,`name`),
  ADD KEY `subjects_teacher_id_foreign` (`teacher_id`);

--
-- Indexes for table `time_slots`
--
ALTER TABLE `time_slots`
  ADD PRIMARY KEY (`id`),
  ADD UNIQUE KEY `time_slots_timestamp_from_timestamp_to_ttr_id_unique` (`timestamp_from`,`timestamp_to`,`ttr_id`),
  ADD KEY `time_slots_ttr_id_foreign` (`ttr_id`);

--
-- Indexes for table `time_tables`
--
ALTER TABLE `time_tables`
  ADD PRIMARY KEY (`id`),
  ADD UNIQUE KEY `time_tables_ttr_id_ts_id_day_unique` (`ttr_id`,`ts_id`,`day`),
  ADD UNIQUE KEY `time_tables_ttr_id_ts_id_exam_date_unique` (`ttr_id`,`ts_id`,`exam_date`),
  ADD KEY `time_tables_ts_id_foreign` (`ts_id`),
  ADD KEY `time_tables_subject_id_foreign` (`subject_id`);

--
-- Indexes for table `time_table_records`
--
ALTER TABLE `time_table_records`
  ADD PRIMARY KEY (`id`),
  ADD UNIQUE KEY `time_table_records_name_unique` (`name`),
  ADD UNIQUE KEY `time_table_records_my_class_id_exam_id_year_unique` (`my_class_id`,`exam_id`,`year`),
  ADD KEY `time_table_records_exam_id_foreign` (`exam_id`);

--
-- Indexes for table `users`
--
ALTER TABLE `users`
  ADD PRIMARY KEY (`id`),
  ADD UNIQUE KEY `users_code_unique` (`code`),
  ADD UNIQUE KEY `users_email_unique` (`email`),
  ADD UNIQUE KEY `users_username_unique` (`username`),
  ADD KEY `users_state_id_foreign` (`state_id`),
  ADD KEY `users_lga_id_foreign` (`lga_id`),
  ADD KEY `users_bg_id_foreign` (`bg_id`),
  ADD KEY `users_nal_id_foreign` (`nal_id`);

--
-- Indexes for table `user_types`
--
ALTER TABLE `user_types`
  ADD PRIMARY KEY (`id`);

--
-- AUTO_INCREMENT for dumped tables
--

--
-- AUTO_INCREMENT for table `blood_groups`
--
ALTER TABLE `blood_groups`
  MODIFY `id` int(10) UNSIGNED NOT NULL AUTO_INCREMENT, AUTO_INCREMENT=9;

--
-- AUTO_INCREMENT for table `books`
--
ALTER TABLE `books`
  MODIFY `id` int(10) UNSIGNED NOT NULL AUTO_INCREMENT;

--
-- AUTO_INCREMENT for table `book_requests`
--
ALTER TABLE `book_requests`
  MODIFY `id` int(10) UNSIGNED NOT NULL AUTO_INCREMENT;

--
-- AUTO_INCREMENT for table `class_types`
--
ALTER TABLE `class_types`
  MODIFY `id` int(10) UNSIGNED NOT NULL AUTO_INCREMENT, AUTO_INCREMENT=7;

--
-- AUTO_INCREMENT for table `dorms`
--
ALTER TABLE `dorms`
  MODIFY `id` int(10) UNSIGNED NOT NULL AUTO_INCREMENT, AUTO_INCREMENT=6;

--
-- AUTO_INCREMENT for table `exams`
--
ALTER TABLE `exams`
  MODIFY `id` int(10) UNSIGNED NOT NULL AUTO_INCREMENT, AUTO_INCREMENT=2;

--
-- AUTO_INCREMENT for table `exam_records`
--
ALTER TABLE `exam_records`
  MODIFY `id` int(10) UNSIGNED NOT NULL AUTO_INCREMENT;

--
-- AUTO_INCREMENT for table `grades`
--
ALTER TABLE `grades`
  MODIFY `id` int(10) UNSIGNED NOT NULL AUTO_INCREMENT;

--
-- AUTO_INCREMENT for table `lgas`
--
ALTER TABLE `lgas`
  MODIFY `id` int(10) UNSIGNED NOT NULL AUTO_INCREMENT, AUTO_INCREMENT=775;

--
-- AUTO_INCREMENT for table `marks`
--
ALTER TABLE `marks`
  MODIFY `id` int(10) UNSIGNED NOT NULL AUTO_INCREMENT;

--
-- AUTO_INCREMENT for table `migrations`
--
ALTER TABLE `migrations`
  MODIFY `id` int(10) UNSIGNED NOT NULL AUTO_INCREMENT, AUTO_INCREMENT=30;

--
-- AUTO_INCREMENT for table `my_classes`
--
ALTER TABLE `my_classes`
  MODIFY `id` int(10) UNSIGNED NOT NULL AUTO_INCREMENT, AUTO_INCREMENT=11;

--
-- AUTO_INCREMENT for table `nationalities`
--
ALTER TABLE `nationalities`
  MODIFY `id` int(10) UNSIGNED NOT NULL AUTO_INCREMENT, AUTO_INCREMENT=194;

--
-- AUTO_INCREMENT for table `payments`
--
ALTER TABLE `payments`
  MODIFY `id` int(10) UNSIGNED NOT NULL AUTO_INCREMENT;

--
-- AUTO_INCREMENT for table `payment_records`
--
ALTER TABLE `payment_records`
  MODIFY `id` int(10) UNSIGNED NOT NULL AUTO_INCREMENT;

--
-- AUTO_INCREMENT for table `pins`
--
ALTER TABLE `pins`
  MODIFY `id` int(10) UNSIGNED NOT NULL AUTO_INCREMENT;

--
-- AUTO_INCREMENT for table `promotions`
--
ALTER TABLE `promotions`
  MODIFY `id` int(10) UNSIGNED NOT NULL AUTO_INCREMENT;

--
-- AUTO_INCREMENT for table `receipts`
--
ALTER TABLE `receipts`
  MODIFY `id` int(10) UNSIGNED NOT NULL AUTO_INCREMENT;

--
-- AUTO_INCREMENT for table `sections`
--
ALTER TABLE `sections`
  MODIFY `id` int(10) UNSIGNED NOT NULL AUTO_INCREMENT, AUTO_INCREMENT=9;

--
-- AUTO_INCREMENT for table `settings`
--
ALTER TABLE `settings`
  MODIFY `id` int(10) UNSIGNED NOT NULL AUTO_INCREMENT, AUTO_INCREMENT=20;

--
-- AUTO_INCREMENT for table `skills`
--
ALTER TABLE `skills`
  MODIFY `id` int(10) UNSIGNED NOT NULL AUTO_INCREMENT;

--
-- AUTO_INCREMENT for table `staff_records`
--
ALTER TABLE `staff_records`
  MODIFY `id` int(10) UNSIGNED NOT NULL AUTO_INCREMENT;

--
-- AUTO_INCREMENT for table `states`
--
ALTER TABLE `states`
  MODIFY `id` int(10) UNSIGNED NOT NULL AUTO_INCREMENT, AUTO_INCREMENT=38;

--
-- AUTO_INCREMENT for table `student_records`
--
ALTER TABLE `student_records`
  MODIFY `id` int(10) UNSIGNED NOT NULL AUTO_INCREMENT, AUTO_INCREMENT=26;

--
-- AUTO_INCREMENT for table `subjects`
--
ALTER TABLE `subjects`
  MODIFY `id` int(10) UNSIGNED NOT NULL AUTO_INCREMENT;

--
-- AUTO_INCREMENT for table `time_slots`
--
ALTER TABLE `time_slots`
  MODIFY `id` int(10) UNSIGNED NOT NULL AUTO_INCREMENT;

--
-- AUTO_INCREMENT for table `time_tables`
--
ALTER TABLE `time_tables`
  MODIFY `id` int(10) UNSIGNED NOT NULL AUTO_INCREMENT;

--
-- AUTO_INCREMENT for table `time_table_records`
--
ALTER TABLE `time_table_records`
  MODIFY `id` int(10) UNSIGNED NOT NULL AUTO_INCREMENT;

--
-- AUTO_INCREMENT for table `users`
--
ALTER TABLE `users`
  MODIFY `id` int(10) UNSIGNED NOT NULL AUTO_INCREMENT, AUTO_INCREMENT=43;

--
-- AUTO_INCREMENT for table `user_types`
--
ALTER TABLE `user_types`
  MODIFY `id` int(10) UNSIGNED NOT NULL AUTO_INCREMENT, AUTO_INCREMENT=6;

--
-- Constraints for dumped tables
--

--
-- Constraints for table `books`
--
ALTER TABLE `books`
  ADD CONSTRAINT `books_my_class_id_foreign` FOREIGN KEY (`my_class_id`) REFERENCES `my_classes` (`id`) ON DELETE CASCADE;

--
-- Constraints for table `book_requests`
--
ALTER TABLE `book_requests`
  ADD CONSTRAINT `book_requests_book_id_foreign` FOREIGN KEY (`book_id`) REFERENCES `books` (`id`) ON DELETE CASCADE,
  ADD CONSTRAINT `book_requests_user_id_foreign` FOREIGN KEY (`user_id`) REFERENCES `users` (`id`) ON DELETE CASCADE;

--
-- Constraints for table `exam_records`
--
ALTER TABLE `exam_records`
  ADD CONSTRAINT `exam_records_exam_id_foreign` FOREIGN KEY (`exam_id`) REFERENCES `exams` (`id`) ON DELETE CASCADE,
  ADD CONSTRAINT `exam_records_my_class_id_foreign` FOREIGN KEY (`my_class_id`) REFERENCES `my_classes` (`id`) ON DELETE CASCADE,
  ADD CONSTRAINT `exam_records_section_id_foreign` FOREIGN KEY (`section_id`) REFERENCES `sections` (`id`) ON DELETE CASCADE,
  ADD CONSTRAINT `exam_records_student_id_foreign` FOREIGN KEY (`student_id`) REFERENCES `users` (`id`) ON DELETE CASCADE;

--
-- Constraints for table `grades`
--
ALTER TABLE `grades`
  ADD CONSTRAINT `grades_class_type_id_foreign` FOREIGN KEY (`class_type_id`) REFERENCES `class_types` (`id`) ON DELETE CASCADE;

--
-- Constraints for table `lgas`
--
ALTER TABLE `lgas`
  ADD CONSTRAINT `lgas_state_id_foreign` FOREIGN KEY (`state_id`) REFERENCES `states` (`id`) ON DELETE CASCADE;

--
-- Constraints for table `marks`
--
ALTER TABLE `marks`
  ADD CONSTRAINT `marks_exam_id_foreign` FOREIGN KEY (`exam_id`) REFERENCES `exams` (`id`) ON DELETE CASCADE,
  ADD CONSTRAINT `marks_grade_id_foreign` FOREIGN KEY (`grade_id`) REFERENCES `grades` (`id`) ON DELETE SET NULL,
  ADD CONSTRAINT `marks_my_class_id_foreign` FOREIGN KEY (`my_class_id`) REFERENCES `my_classes` (`id`) ON DELETE CASCADE,
  ADD CONSTRAINT `marks_section_id_foreign` FOREIGN KEY (`section_id`) REFERENCES `sections` (`id`) ON DELETE CASCADE,
  ADD CONSTRAINT `marks_student_id_foreign` FOREIGN KEY (`student_id`) REFERENCES `users` (`id`) ON DELETE CASCADE,
  ADD CONSTRAINT `marks_subject_id_foreign` FOREIGN KEY (`subject_id`) REFERENCES `subjects` (`id`) ON DELETE CASCADE;

--
-- Constraints for table `my_classes`
--
ALTER TABLE `my_classes`
  ADD CONSTRAINT `my_classes_class_type_id_foreign` FOREIGN KEY (`class_type_id`) REFERENCES `class_types` (`id`) ON DELETE SET NULL;

--
-- Constraints for table `payments`
--
ALTER TABLE `payments`
  ADD CONSTRAINT `payments_my_class_id_foreign` FOREIGN KEY (`my_class_id`) REFERENCES `my_classes` (`id`) ON DELETE CASCADE;

--
-- Constraints for table `payment_records`
--
ALTER TABLE `payment_records`
  ADD CONSTRAINT `payment_records_payment_id_foreign` FOREIGN KEY (`payment_id`) REFERENCES `payments` (`id`) ON DELETE CASCADE,
  ADD CONSTRAINT `payment_records_student_id_foreign` FOREIGN KEY (`student_id`) REFERENCES `users` (`id`) ON DELETE CASCADE;

--
-- Constraints for table `pins`
--
ALTER TABLE `pins`
  ADD CONSTRAINT `pins_student_id_foreign` FOREIGN KEY (`student_id`) REFERENCES `users` (`id`) ON DELETE CASCADE,
  ADD CONSTRAINT `pins_user_id_foreign` FOREIGN KEY (`user_id`) REFERENCES `users` (`id`) ON DELETE CASCADE;

--
-- Constraints for table `promotions`
--
ALTER TABLE `promotions`
  ADD CONSTRAINT `promotions_from_class_foreign` FOREIGN KEY (`from_class`) REFERENCES `my_classes` (`id`) ON DELETE CASCADE,
  ADD CONSTRAINT `promotions_from_section_foreign` FOREIGN KEY (`from_section`) REFERENCES `sections` (`id`) ON DELETE CASCADE,
  ADD CONSTRAINT `promotions_student_id_foreign` FOREIGN KEY (`student_id`) REFERENCES `users` (`id`) ON DELETE CASCADE,
  ADD CONSTRAINT `promotions_to_class_foreign` FOREIGN KEY (`to_class`) REFERENCES `my_classes` (`id`) ON DELETE CASCADE,
  ADD CONSTRAINT `promotions_to_section_foreign` FOREIGN KEY (`to_section`) REFERENCES `sections` (`id`) ON DELETE CASCADE;

--
-- Constraints for table `receipts`
--
ALTER TABLE `receipts`
  ADD CONSTRAINT `receipts_pr_id_foreign` FOREIGN KEY (`pr_id`) REFERENCES `payment_records` (`id`) ON DELETE CASCADE;

--
-- Constraints for table `sections`
--
ALTER TABLE `sections`
  ADD CONSTRAINT `sections_my_class_id_foreign` FOREIGN KEY (`my_class_id`) REFERENCES `my_classes` (`id`) ON DELETE CASCADE,
  ADD CONSTRAINT `sections_teacher_id_foreign` FOREIGN KEY (`teacher_id`) REFERENCES `users` (`id`) ON DELETE SET NULL;

--
-- Constraints for table `staff_records`
--
ALTER TABLE `staff_records`
  ADD CONSTRAINT `staff_records_user_id_foreign` FOREIGN KEY (`user_id`) REFERENCES `users` (`id`) ON DELETE CASCADE;

--
-- Constraints for table `student_records`
--
ALTER TABLE `student_records`
  ADD CONSTRAINT `student_records_dorm_id_foreign` FOREIGN KEY (`dorm_id`) REFERENCES `dorms` (`id`) ON DELETE SET NULL,
  ADD CONSTRAINT `student_records_my_class_id_foreign` FOREIGN KEY (`my_class_id`) REFERENCES `my_classes` (`id`) ON DELETE CASCADE,
  ADD CONSTRAINT `student_records_my_parent_id_foreign` FOREIGN KEY (`my_parent_id`) REFERENCES `users` (`id`) ON DELETE SET NULL,
  ADD CONSTRAINT `student_records_section_id_foreign` FOREIGN KEY (`section_id`) REFERENCES `sections` (`id`) ON DELETE CASCADE,
  ADD CONSTRAINT `student_records_user_id_foreign` FOREIGN KEY (`user_id`) REFERENCES `users` (`id`) ON DELETE CASCADE;

--
-- Constraints for table `subjects`
--
ALTER TABLE `subjects`
  ADD CONSTRAINT `subjects_my_class_id_foreign` FOREIGN KEY (`my_class_id`) REFERENCES `my_classes` (`id`) ON DELETE CASCADE,
  ADD CONSTRAINT `subjects_teacher_id_foreign` FOREIGN KEY (`teacher_id`) REFERENCES `users` (`id`);

--
-- Constraints for table `time_slots`
--
ALTER TABLE `time_slots`
  ADD CONSTRAINT `time_slots_ttr_id_foreign` FOREIGN KEY (`ttr_id`) REFERENCES `time_table_records` (`id`) ON DELETE CASCADE;

--
-- Constraints for table `time_tables`
--
ALTER TABLE `time_tables`
  ADD CONSTRAINT `time_tables_subject_id_foreign` FOREIGN KEY (`subject_id`) REFERENCES `subjects` (`id`) ON DELETE CASCADE,
  ADD CONSTRAINT `time_tables_ts_id_foreign` FOREIGN KEY (`ts_id`) REFERENCES `time_slots` (`id`) ON DELETE CASCADE,
  ADD CONSTRAINT `time_tables_ttr_id_foreign` FOREIGN KEY (`ttr_id`) REFERENCES `time_table_records` (`id`) ON DELETE CASCADE;

--
-- Constraints for table `time_table_records`
--
ALTER TABLE `time_table_records`
  ADD CONSTRAINT `time_table_records_exam_id_foreign` FOREIGN KEY (`exam_id`) REFERENCES `exams` (`id`) ON DELETE CASCADE,
  ADD CONSTRAINT `time_table_records_my_class_id_foreign` FOREIGN KEY (`my_class_id`) REFERENCES `my_classes` (`id`) ON DELETE CASCADE;

--
-- Constraints for table `users`
--
ALTER TABLE `users`
  ADD CONSTRAINT `users_bg_id_foreign` FOREIGN KEY (`bg_id`) REFERENCES `blood_groups` (`id`) ON DELETE SET NULL,
  ADD CONSTRAINT `users_lga_id_foreign` FOREIGN KEY (`lga_id`) REFERENCES `lgas` (`id`) ON DELETE SET NULL,
  ADD CONSTRAINT `users_nal_id_foreign` FOREIGN KEY (`nal_id`) REFERENCES `nationalities` (`id`) ON DELETE SET NULL,
  ADD CONSTRAINT `users_state_id_foreign` FOREIGN KEY (`state_id`) REFERENCES `states` (`id`) ON DELETE SET NULL;
COMMIT;

/*!40101 SET CHARACTER_SET_CLIENT=@OLD_CHARACTER_SET_CLIENT */;
/*!40101 SET CHARACTER_SET_RESULTS=@OLD_CHARACTER_SET_RESULTS */;
/*!40101 SET COLLATION_CONNECTION=@OLD_COLLATION_CONNECTION */;
